College Name,State,IPEDS ID,2026,2025,2024,2023,2022,2021,2020,2019,2018,2017,2016,2015,2014,2013,2012,2011,2010,2009,2008,2007,2006,2005,2004,2003,2002,2001,2000,1999,1998,1997,1996,1995,1994,1993,1992,1991,1990,1989,1988,1986,1984
Williams College,MA,168342,1,1,1,1,1,1,1,1,1,1,1,1,1,1,1,1,1,1,1,1,1,1,1,2,3,3,3,3,3,3,2,2,2,1,1,3,3,3,1,1,2
Amherst College,MA,164465,2,2,2,2,2,2,2,2,2,2,2,2,2,2,2,2,2,1,2,2,2,2,2,1,1,1,2,1,2,2,1,1,1,2,3,1,2,2,4,3,1
United States Naval Academy,MD,164155,3,4,3,6,6,6,17,22,21,12,9,13,12,14,14,16,19,22,20,,,,,,,,,,,,,,,,,,,,,,
Swarthmore College,PA,216287,4,3,4,4,3,3,3,3,3,4,3,3,3,3,3,3,3,3,3,3,3,2,3,2,1,2,1,2,1,1,2,3,3,3,2,2,1,1,2,2,2
Bowdoin College,ME,161004,5,5,9,6,6,6,6,5,3,6,4,5,4,6,6,6,6,6,7,7,6,7,10,7,5,6,9,7,8,8,4,6,6,6,4,4,13,9,12,10,
United States Air Force Academy,CO,128328,5,8,7,18,22,28,39,30,26,32,29,27,25,31,33,,,,,,,,,,,,,,,,,,,,,,,,,,
Pomona College,CA,121345,7,5,4,3,4,4,5,5,6,7,4,5,4,4,4,6,6,6,7,7,6,5,4,5,5,5,7,5,5,5,8,5,5,5,5,6,4,5,6,7,9
Wellesley College,MA,168218,7,7,4,5,5,4,3,3,3,3,4,4,7,6,8,4,4,4,4,4,4,4,4,4,4,4,4,4,3,4,5,4,4,4,6,5,5,4,8,8,6
Claremont McKenna College,CA,112260,7,8,11,9,8,6,7,9,8,9,9,8,9,10,9,11,11,11,11,12,10,13,12,13,17,14,14,15,8,15,16,12,11,16,14,13,21,18,23,,
United States Military Academy,NY,197036,10,8,8,9,11,15,21,18,12,19,22,24,17,18,14,16,14,14,22,,,,,,,,,,,,,,,,,,,,,,
Carleton College,MN,173258,10,8,9,6,9,9,7,5,8,7,8,8,7,8,6,8,8,8,5,6,5,5,4,5,5,6,8,9,7,9,11,10,13,12,12,10,14,12,3,4,4
Harvey Mudd College,CA,115409,10,12,16,29,28,25,23,18,12,21,14,15,16,12,18,18,14,14,15,14,18,16,17,15,14,,,,,,,,,,,,,,,,
Vassar College,NY,197133,13,12,16,13,22,13,14,11,12,12,12,11,13,10,14,12,11,11,11,12,13,12,14,15,14,16,17,17,17,17,13,16,14,13,13,10,19,15,24,,
Barnard College,NY,189097,13,14,11,18,17,22,25,25,26,27,29,32,32,28,33,26,30,27,30,26,27,29,38,28,28,29,25,24,27,23,32,T1 (26-40),Q1 (26-35),Q1 (26-35),19,25,25,19,,,
Wesleyan University,CT,130697,13,14,11,18,17,20,17,18,21,21,14,15,17,17,12,12,13,13,11,10,12,9,11,11,11,10,10,9,14,14,12,9,10,7,7,7,8,6,6,,7
Davidson College,NC,198385,13,14,16,15,13,15,17,10,10,9,9,11,9,12,11,9,8,9,9,10,10,7,7,9,10,11,11,11,8,11,21,8,12,18,21,10,15,20,15,,9
Hamilton College,NY,191515,13,14,16,15,13,9,14,16,18,12,14,15,14,16,17,18,21,20,17,17,15,19,21,18,21,21,18,21,22,25,23,T1 (26-40),22,21,25,19,23,24,25,,
Smith College,MA,167835,13,14,16,13,17,15,11,11,12,12,14,19,20,18,19,14,18,18,17,19,19,13,15,13,14,12,13,11,14,12,10,13,9,10,10,9,7,7,14,,
Grinnell College,IA,153384,13,19,11,15,13,13,14,11,18,19,19,19,17,22,19,18,14,14,11,14,15,16,15,12,11,14,11,11,14,16,14,17,16,14,16,16,10,8,10,9,
Middlebury College,VT,230959,13,19,11,11,9,9,7,5,6,4,4,7,4,4,5,4,4,5,5,5,8,11,7,7,9,6,5,7,8,7,7,11,8,8,9,8,12,14,17,,
Washington and Lee University,VA,234207,21,19,21,11,11,9,10,11,10,11,14,14,14,14,12,14,14,17,15,17,14,13,12,15,13,12,14,11,8,13,15,15,20,22,22,15,18,23,25,,
Colgate University,NY,190099,22,22,21,18,17,10,17,16,12,12,19,22,20,18,21,21,19,18,17,16,15,16,17,18,17,18,18,21,20,20,17,18,19,17,17,22,16,16,,,
University of Richmond,VA,233374,22,22,25,18,22,22,23,25,23,27,32,30,25,28,27,32,30,33,40,34,34,,,,,,,,,,,,,,,,,,,,
Haverford College,PA,212911,24,24,21,18,16,15,11,11,18,12,12,8,9,9,10,9,10,10,10,9,8,9,9,10,5,6,5,5,6,6,5,6,7,9,8,21,11,10,9,5,9
Colby College,ME,161086,24,25,25,24,17,15,11,18,12,12,19,15,22,18,21,23,22,23,22,20,20,19,17,18,20,19,18,17,18,18,19,23,17,15,20,18,23,22,,,
Bates College,ME,160977,24,26,24,25,25,22,21,22,23,27,25,19,22,22,21,21,25,25,24,23,21,22,23,22,22,19,23,19,20,22,18,21,18,23,Q1 (26-35),19,21,21,,,
College of the Holy Cross,MA,166124,27,28,27,33,35,36,27,35,33,32,32,34,25,32,29,32,36,35,33,32,32,31,27,26,32,29,30,30,25,27,26,24,25,Q1 (26-35),23,Q1 (26-36),,,,,
Macalester College,MN,173902,28,26,27,27,27,27,25,27,26,24,23,24,24,24,25,26,29,25,26,24,25,26,25,26,26,25,24,24,25,32,34,T1 (26-40),Q1 (26-35),Q2 (36-70),Q2 (36-70),Q2 (37-71),,,,,
Mount Holyoke College,MA,166939,29,34,34,36,30,34,32,30,36,36,35,41,38,32,29,26,25,27,28,24,23,24,25,23,24,21,16,19,18,19,19,T1 (26-40),23,19,18,17,17,17,17,11,
Colorado College,CO,126678,30,29,29,27,26,25,27,27,23,24,25,27,31,28,27,26,24,30,26,26,27,33,27,29,28,29,25,24,31,28,28,20,Q1 (26-35),Q1 (26-35),Q2 (36-70),Q1 (26-36),,25,20,11,
Bryn Mawr College,PA,211273,30,29,30,31,30,28,27,27,32,31,25,27,30,26,25,30,25,23,24,20,21,21,17,21,17,16,18,15,8,10,9,14,15,10,11,23,5,13,11,,8
Bucknell University,PA,211291,30,31,30,37,38,34,35,36,33,32,32,32,32,32,29,30,30,30,30,29,27,26,27,29,28,27,30,31,27,31,30,25,Q1 (26-35),Q1 (26-35),Q1 (26-35),Q1 (26-36),,,,,
Lafayette College,PA,213385,30,31,30,39,38,40,39,36,36,36,37,35,36,39,40,38,35,35,34,29,27,31,30,29,33,36,33,33,37,39,33,T1 (26-40),Q1 (26-35),25,Q1 (26-35),Q1 (26-36),,,,,
Denison University,OH,202523,34,36,39,39,42,44,43,43,46,51,55,51,50,49,49,51,53,53,52,48,51,50,49,T2 (53-112),T2 (52-114),42,T2 (43-80),T2 (41-89),T2 (43-92),T2 (41-80),T2 (41-81),T2 (41-80),Q2 (36-70),Q2 (36-70),Q2 (36-70),Q2 (37-71),,,,,
Franklin and Marshall College,PA,212577,35,31,35,39,42,43,38,36,39,47,40,37,45,46,42,41,43,42,40,41,39,38,38,36,36,33,35,33,33,34,29,T1 (26-40),Q1 (26-35),Q1 (26-35),Q1 (26-35),Q1 (26-36),,,,,
Occidental College,CA,120254,35,34,35,37,42,40,39,39,44,44,43,44,41,39,37,36,33,37,36,36,41,42,40,44,44,39,40,36,33,38,39,T2 (41-80),Q1 (26-35),Q1 (26-35),24,24,,,,,
Skidmore College,NY,195526,37,36,38,39,38,36,39,41,41,38,38,37,45,43,49,41,46,47,47,48,41,45,42,41,42,47,T2 (43-80),T2 (41-89),T2 (43-92),T2 (41-80),T2 (41-81),T2 (41-80),Q2 (36-70),Q2 (36-70),Q2 (36-70),Q2 (37-71),,,,,
Pitzer College,CA,121257,37,36,39,33,35,36,35,41,33,32,36,35,35,43,42,46,49,49,49,51,53,59,70,T2 (53-112),T2 (52-114),T2 (52-80),T2 (43-80),T2 (41-89),T2 (43-92),T2 (41-80),T2 (41-81),T2 (41-80),Q2 (36-70),Q2 (36-70),Q2 (36-70),Q2 (37-71),,,,,
Trinity College,CT,130590,37,36,39,39,46,44,46,46,44,38,43,45,36,38,37,36,36,33,34,29,25,24,22,25,24,23,22,23,22,21,23,22,24,24,Q1 (26-35),Q1 (26-36),20,,,,
Spelman College,GA,141060,37,40,39,51,54,54,57,51,61,72,72,81,65,68,62,59,68,77,75,74,73,66,81,T2 (53-112),T2 (52-114),T3 (81-120),T3 (81-121),T2 (41-89),T3 (93-127),T3 (81-120),T3 (82-121),T3 (81-120),,,,,,,,,
Trinity University,TX,229267,37,40,59,55,,,,,,,,,,,,,,,,,,,,,,,,,,,,,,,,,,,,,
Scripps College,CA,123165,37,44,35,33,30,28,33,30,26,23,29,24,25,24,29,23,25,27,28,26,27,26,34,29,33,37,35,39,37,36,37,T1 (26-40),Q2 (36-70),Q2 (36-70),Q1 (26-35),Q1 (26-36),,,,,
Soka University of America,CA,399911,37,45,56,29,29,28,27,22,39,41,45,41,41,49,64,,,,,,,,,,,,,,,,,,,,,,,,,,
Union College,NY,196866,44,40,45,48,50,44,45,39,36,38,38,41,41,41,40,41,43,42,40,39,36,40,37,38,38,35,33,33,35,34,31,T1 (26-40),Q1 (26-35),Q1 (26-35),Q1 (26-35),Q1 (26-36),,,,,
Berea College,KY,156295,45,40,30,26,30,33,46,61,68,60,67,69,76,75,71,67,T3 (127-191),68,75,,,,,,T2 (52-114),,,,,,,T3 (81-120),,,,,,,,,
Kenyon College,OH,203535,45,45,39,31,30,28,27,30,26,27,25,30,32,32,33,32,33,32,32,32,32,29,30,29,33,29,32,31,31,33,36,T1 (26-40),Q2 (36-70),Q2 (36-70),Q2 (36-70),Q1 (26-36),,,,,
Dickinson College,PA,212009,45,45,46,51,50,47,46,51,51,41,40,37,45,46,47,47,46,45,44,41,45,40,42,44,44,47,39,T2 (41-89),T2 (43-92),T2 (41-80),40,T2 (41-80),Q2 (36-70),Q2 (36-70),Q2 (36-70),Q1 (26-36),,,,,
Furman University,SC,218070,45,45,46,45,46,52,46,51,53,53,51,51,52,49,42,41,40,37,37,41,41,38,42,41,44,42,T2 (43-80),T2 (41-89),T2 (43-92),T2 (41-80),T2 (41-81),T2 (41-80),Q2 (36-70),Q2 (36-70),Q2 (36-70),Q2 (37-71),,,,,
Sewanee: The University of the South,TN,221519,45,45,51,51,50,47,43,49,41,47,48,45,38,36,33,32,36,41,40,34,34,33,33,29,28,25,25,24,27,29,27,T1 (26-40),Q1 (26-35),Q1 (26-35),Q1 (26-35),Q2 (37-71),,,,,
Hillsdale College,MI,170286,50,50,39,48,46,54,64,76,71,83,67,69,82,96,,88,89,98,97,T3 (111-162),104,96,97,T2 (53-112),T2 (52-114),,,,,,,,,,,,,,,,
St. Olaf College,MN,174844,50,50,51,63,62,67,62,61,57,53,51,54,52,55,53,51,49,47,54,55,55,62,59,T2 (53-112),T2 (52-114),T2 (52-80),T2 (43-80),T2 (41-89),T2 (43-92),T2 (41-80),T2 (41-81),T2 (41-80),Q2 (36-70),Q2 (36-70),Q2 (36-70),Q2 (37-71),,,20,,
Wheaton College,IL,149781,50,53,56,63,59,61,58,61,63,62,57,56,57,56,57,55,56,56,59,61,55,51,52,T2 (53-112),T2 (52-114),42,T2 (43-80),T2 (41-89),T2 (43-92),T2 (41-80),T2 (41-81),T2 (41-80),Q2 (36-70),Q2 (36-70),Q3 (71-105),Q3 (72-106),,,,,
Connecticut College,CT,128902,50,55,46,55,50,51,46,46,46,50,48,45,45,41,37,41,42,42,44,39,36,35,34,29,26,27,25,24,27,26,25,T1 (26-40),Q1 (26-35),Q1 (26-35),Q1 (26-35),Q2 (37-71),,,,,
Wabash College,IN,152673,50,55,59,55,57,54,53,56,65,65,61,61,57,56,53,58,54,54,52,51,51,48,50,44,48,T2 (52-80),T2 (43-80),T2 (41-89),T2 (43-92),T2 (41-80),38,T2 (41-80),Q2 (36-70),Q2 (36-70),Q2 (36-70),Q2 (37-71),,,,,
Centre College,KY,156408,55,59,51,55,59,52,53,46,46,44,45,45,49,52,42,47,46,45,44,44,41,42,45,44,42,42,T2 (43-80),T2 (41-89),40,T2 (41-80),T2 (41-81),T2 (41-80),Q2 (36-70),Q2 (36-70),Q2 (36-70),Q2 (37-71),,,22,,
Rhodes College,TN,221351,55,59,56,55,54,54,53,51,51,44,51,54,54,52,51,47,54,49,49,45,45,45,45,41,44,38,T2 (43-80),T2 (41-89),T2 (43-92),T2 (41-80),T2 (41-81),T1 (26-40),Q2 (36-70),Q2 (36-70),Q2 (36-70),Q2 (37-71),,,,,
Thomas Aquinas College,CA,124292,55,63,67,45,42,40,35,43,58,53,82,77,61,82,71,71,68,60,83,73,88,89,91,T2 (53-112),T2 (52-114),,,T2 (41-89),T2 (43-92),T2 (41-80),T3 (82-121),T3 (81-120),,,,,,,,,
DePauw University,IN,150400,58,50,46,45,46,47,46,56,53,53,51,51,54,54,53,51,43,49,49,48,49,42,40,39,40,39,T2 (43-80),T2 (41-89),T2 (43-92),T2 (41-80),T2 (41-81),T2 (41-80),Q2 (36-70),Q2 (36-70),Q2 (36-70),Q2 (37-71),,,,,
Whitman College,WA,237057,58,53,46,48,38,47,46,43,41,41,40,37,41,43,42,38,36,37,37,36,36,35,34,40,38,33,35,36,40,T2 (41-80),T2 (41-81),T2 (41-80),Q2 (36-70),Q2 (36-70),Q2 (36-70),Q3 (72-106),,,,,
Oberlin College and Conservatory,OH,204501,58,55,51,39,37,36,33,30,26,24,23,23,25,26,25,23,22,20,20,22,23,23,24,23,22,23,25,24,22,24,22,19,21,20,15,14,9,11,5,6,5
Gettysburg College,PA,212674,58,55,63,61,54,54,53,49,46,51,48,50,50,46,47,47,49,49,48,45,47,45,45,44,48,T2 (52-80),T2 (43-80),T2 (41-89),T2 (43-92),T2 (41-80),T2 (41-81),T2 (41-80),Q2 (36-70),Q2 (36-70),Q2 (36-70),Q1 (26-36),,,,,
St. Lawrence University,NY,195216,58,59,59,68,57,54,58,56,58,53,60,56,56,56,53,55,56,58,56,57,61,62,62,T2 (53-112),T2 (52-114),T2 (52-80),T2 (43-80),T2 (41-89),T2 (43-92),T2 (41-80),T2 (41-81),T2 (41-80),Q2 (36-70),Q2 (36-70),Q2 (36-70),Q2 (37-71),,,,,
Reed College,OR,209922,63,63,67,72,62,63,68,90,82,87,93,77,74,75,57,54,49,54,54,52,47,53,56,T2 (53-112),T2 (52-114),T2 (52-80),T2 (43-80),T2 (41-89),T2 (43-92),37,T4 (122-161),T2 (41-80),Q2 (36-70),Q2 (36-70),Q2 (36-70),Q2 (37-71),,,12,11,9
Principia College,IL,148016,63,66,51,51,59,93,100,81,112,115,127,139,107,121,112,127,T3 (127-191),T3 (125-189),85,86,84,96,91,T2 (53-112),T2 (52-114),,,,,,,,Q4 (106-140),Q4 (106-140),Q3 (71-105),Q3 (72-106),,,,,
Virginia Military Institute,VA,234085,65,59,63,70,67,69,72,81,65,72,82,64,65,70,71,62,62,71,71,86,73,77,70,T2 (53-112),T2 (52-114),T3 (81-120),T3 (81-121),T3 (90-122),T3 (93-127),T3 (81-120),T3 (82-121),T3 (81-120),Q3 (71-105),Q3 (71-105),Q2 (36-70),Q2 (37-71),,,,,
Lawrence University,WI,239017,65,69,75,63,62,63,58,56,58,60,57,59,59,56,60,67,59,56,56,52,53,53,52,50,48,42,40,T2 (41-89),40,T2 (41-80),T2 (41-81),T1 (26-40),Q2 (36-70),Q2 (36-70),Q2 (36-70),Q2 (37-71),,,,,
Agnes Scott College,GA,138600,67,63,63,63,66,61,58,51,61,70,67,73,89,75,68,67,59,60,63,61,55,53,50,T2 (53-112),T2 (52-114),T2 (52-80),T2 (43-80),T2 (41-89),T2 (43-92),T2 (41-80),T2 (41-81),T2 (41-80),Q2 (36-70),Q2 (36-70),Q2 (36-70),Q2 (37-71),,,,,
Wofford College,SC,218973,67,66,59,70,67,69,72,72,71,77,82,77,65,63,64,62,62,60,59,57,55,66,66,T2 (53-112),T2 (52-114),T2 (52-80),T2 (43-80),T2 (41-89),T2 (43-92),T3 (81-120),T2 (41-81),T2 (41-80),,,,,,,,,
Kalamazoo College,MI,170532,67,69,70,68,71,67,72,65,76,68,66,64,61,68,68,71,68,60,67,57,55,53,66,T2 (53-112),T2 (52-114),T2 (52-80),T2 (43-80),T2 (41-89),T2 (43-92),T2 (41-80),T2 (41-81),T2 (41-80),Q2 (36-70),Q2 (36-70),Q2 (36-70),Q2 (37-71),,,,,
Gustavus Adolphus College,MN,173647,70,66,67,81,79,84,89,90,85,77,79,64,76,85,81,79,80,88,,79,73,77,70,T2 (53-112),T2 (52-114),T2 (52-80),T2 (43-80),T2 (41-89),T2 (43-92),T2 (41-80),T2 (41-81),T2 (41-80),Q3 (71-105),Q2 (36-70),Q3 (71-105),Q3 (72-106),,,,,
Bard College,NY,189088,70,71,63,60,62,54,62,56,46,49,45,45,38,36,51,38,40,37,37,36,39,35,30,36,38,39,40,39,37,40,T2 (41-81),T1 (26-40),Q2 (36-70),Q2 (36-70),Q2 (36-70),Q2 (37-71),,,,,
Muhlenberg College,PA,214175,70,71,70,76,67,72,72,81,71,65,72,64,65,70,81,75,68,71,71,74,73,70,70,T2 (53-112),T2 (52-114),T2 (52-80),T2 (43-80),T2 (41-89),T2 (43-92),T3 (81-120),T2 (41-81),T3 (81-120),Q3 (71-105),Q3 (71-105),Q2 (36-70),Q3 (72-106),,,,,
College of St. Benedict,MN,174747,73,71,73,94,92,96,82,86,87,87,90,89,94,96,90,81,80,84,106,95,88,101,97,T2 (53-112),T2 (52-114),T3 (81-120),T3 (81-121),T3 (90-122),T3 (93-127),T3 (81-120),T4 (122-161),T4 (121-160),,,,,,,,,
Hobart and William Smith Colleges,NY,191630,73,74,70,72,75,72,72,68,65,65,61,61,61,60,64,67,68,68,63,65,61,68,70,T2 (53-112),T2 (52-114),T3 (81-120),T2 (43-80),T2 (41-89),T2 (43-92),T2 (41-80),T2 (41-81),T2 (41-80),Q2 (36-70),Q2 (36-70),Q2 (36-70),Q2 (37-71),,,,,
Lake Forest College,IL,146481,75,77,73,85,82,84,92,103,101,108,108,120,110,100,99,105,97,94,97,95,T3 (111-164),105,97,T2 (53-112),T2 (52-114),T3 (81-120),T3 (81-121),T3 (90-122),T2 (43-92),T2 (41-80),T2 (41-81),T2 (41-80),Q2 (36-70),Q2 (36-70),Q2 (36-70),Q2 (37-71),,,,,
Wheaton College,MA,168281,76,74,75,89,85,84,82,86,76,77,67,69,65,60,62,59,58,58,56,55,66,62,63,T2 (53-112),T2 (52-114),T2 (52-80),T2 (43-80),T2 (41-89),T2 (43-92),T2 (41-80),T2 (41-81),T2 (41-80),Q3 (71-105),Q2 (36-70),Q2 (36-70),Q2 (37-71),,,,,
Earlham College,IN,150455,76,74,100,81,92,84,80,81,68,68,61,73,65,82,68,75,62,67,69,65,69,70,63,T2 (53-112),T2 (52-114),T2 (52-80),T2 (43-80),T2 (41-89),T2 (43-92),T2 (41-80),T2 (41-81),T2 (41-80),Q2 (36-70),Q2 (36-70),Q2 (36-70),Q2 (37-71),,,16,11,
College of Wooster,OH,206589,76,77,75,76,71,69,66,67,63,62,61,69,65,63,71,71,68,77,71,65,68,59,59,T2 (53-112),T2 (52-114),T2 (52-80),T2 (43-80),T2 (41-89),T2 (43-92),T2 (41-80),T2 (41-81),T2 (41-80),Q3 (71-105),Q2 (36-70),Q2 (36-70),Q2 (37-71),,,,,
Willamette University,OR,210401,76,77,75,76,71,72,68,76,82,72,67,64,61,63,57,59,62,60,63,65,61,51,56,50,T2 (52-114),50,T2 (43-80),T2 (41-89),T2 (43-92),T2 (41-80),T2 (41-81),T2 (41-80),Q2 (36-70),Q3 (71-105),Q3 (71-105),Q3 (72-106),,,,,
Allegheny College,PA,210669,76,80,75,76,85,80,82,76,82,77,72,81,82,82,86,93,85,94,85,82,88,83,88,T2 (53-112),T2 (52-114),T2 (52-80),T2 (43-80),T2 (41-89),T2 (43-92),T2 (41-80),T2 (41-81),T2 (41-80),Q2 (36-70),Q3 (71-105),Q3 (71-105),Q3 (72-106),,,,,
Knox College,IL,146427,76,83,75,72,79,72,66,68,71,77,72,81,82,75,71,75,80,88,80,79,73,77,78,T2 (53-112),T2 (52-114),T2 (52-80),T2 (43-80),T2 (41-89),T2 (43-92),T2 (41-80),T2 (41-81),T2 (41-80),Q2 (36-70),Q2 (36-70),Q3 (71-105),Q2 (37-71),,,,,
St. John's University,MN,174792,82,80,82,94,105,102,92,95,85,77,79,73,76,75,71,62,68,71,75,69,69,77,81,T2 (53-112),T2 (52-114),T3 (81-120),T3 (81-121),T3 (90-122),T3 (93-127),T3 (81-120),T3 (82-121),T3 (81-120),Q4 (106-140),Q4 (106-140),Q4 (106-140),Q3 (72-106),,,,,
Stonehill College,MA,167996,82,83,86,89,98,113,124,124,111,108,116,105,115,100,112,105,112,115,106,,,,,,,,,,,,,,,,,,,,,,
Saint Mary's College,IN,152390,84,80,82,100,105,96,102,95,101,95,82,96,76,87,90,93,97,104,91,,,,,,,,,,,,,,,,,,,,,,
St. John's College,MD,163976,84,83,75,61,67,63,64,61,53,53,55,56,123,133,139,177,T3 (127-191),T3 (125-189),T3 (126-184),T3 (111-162),T3 (111-164),T3 (111-162),T3 (111-161),T3 (113-161),T2 (52-114),T3 (81-120),T3 (81-121),T2 (41-89),T2 (43-92),T2 (41-80),T3 (82-121),T2 (41-80),Q2 (36-70),Q2 (36-70),Q2 (36-70),Q2 (37-71),,,19,,
Ursinus College,PA,216524,84,83,86,89,85,84,82,90,93,95,93,,82,75,71,71,77,81,69,69,71,70,70,T2 (53-112),T2 (52-114),T2 (52-80),T2 (43-80),T2 (41-89),T2 (43-92),T3 (81-120),T2 (41-81),T3 (81-120),Q3 (71-105),Q3 (71-105),Q3 (71-105),Q3 (72-106),,,,,
Southwestern University,TX,228343,84,83,89,85,98,102,92,90,96,95,90,87,65,60,71,62,61,68,59,57,61,62,52,T2 (53-112),T2 (52-114),T2 (52-80),T2 (43-80),T2 (41-89),T2 (43-92),T2 (41-80),T2 (41-81),T3 (81-120),,,,,,,,,
Austin College,TX,222983,84,83,93,107,111,102,117,103,93,105,79,89,82,63,64,81,68,71,75,74,73,70,78,T2 (53-112),T2 (52-114),T3 (81-120),T2 (43-80),T2 (41-89),T2 (43-92),T3 (81-120),T3 (82-121),T3 (81-120),Q3 (71-105),Q3 (71-105),Q3 (71-105),Q3 (72-106),,,,,
Drew University,NJ,184348,84,83,93,111,117,113,117,116,112,108,112,99,107,100,94,79,68,71,63,69,66,59,59,T2 (53-112),T2 (52-114),T2 (52-80),T2 (43-80),T2 (41-89),T2 (43-92),T2 (41-80),T2 (41-81),T2 (41-80),Q2 (36-70),Q2 (36-70),Q2 (36-70),Q3 (72-106),,,,,
Washington and Jefferson College,PA,216667,84,90,89,94,92,96,92,103,106,99,100,96,97,90,102,101,92,104,106,104,94,83,91,T2 (53-112),T2 (52-114),T3 (81-120),T3 (81-121),T2 (41-89),T3 (93-127),T3 (81-120),T3 (82-121),T2 (41-80),Q3 (71-105),Q3 (71-105),Q3 (71-105),Q3 (72-106),,,,,
Hope College,MI,170301,84,90,100,102,111,112,105,103,106,108,100,99,100,100,94,88,92,88,97,95,94,96,91,T2 (53-112),T2 (52-114),T3 (81-120),T3 (81-121),T2 (41-89),T3 (93-127),T3 (81-120),T2 (41-81),T3 (81-120),Q3 (71-105),Q3 (71-105),Q3 (71-105),Q3 (72-106),,,,,
Juniata College,PA,213251,92,90,82,89,75,84,82,86,106,108,105,105,100,100,102,81,85,98,97,95,100,101,106,T2 (53-112),T2 (52-114),T3 (81-120),T3 (81-121),T3 (90-122),T3 (93-127),T3 (81-120),T3 (82-121),T3 (81-120),Q3 (71-105),Q3 (71-105),Q3 (71-105),Q3 (72-106),,,,,
Beloit College,WI,238333,92,95,86,81,75,80,82,68,76,62,61,61,59,63,60,55,62,60,67,61,61,53,52,T2 (53-112),48,47,T2 (43-80),T2 (41-89),T2 (43-92),T2 (41-80),T2 (41-81),T2 (41-80),Q2 (36-70),Q3 (71-105),Q3 (71-105),Q3 (72-106),,,,,
Washington College,MD,164216,92,95,93,85,98,96,105,108,96,99,100,105,107,96,110,93,112,94,97,T3 (111-162),104,89,97,T2 (53-112),T3 (115-162),T3 (81-120),T3 (81-121),T3 (90-122),T3 (93-127),T3 (81-120),T3 (82-121),T3 (81-120),Q3 (71-105),Q3 (71-105),Q3 (71-105),Q3 (72-106),,,,,
Whittier College,CA,125763,92,95,93,107,114,102,105,108,128,132,127,133,126,145,133,137,T3 (127-191),T3 (125-189),T3 (126-184),T3 (111-162),T3 (111-164),T3 (111-162),T3 (111-161),T3 (113-161),T3 (115-162),T3 (81-120),T3 (81-121),T3 (90-122),T3 (93-127),T4 (121-160),T3 (82-121),T3 (81-120),,,,,,,,,
Saint Anselm College,NH,183239,96,90,89,111,105,102,114,95,106,115,112,120,120,130,139,122,T3 (127-191),T3 (125-189),T3 (126-184),T3 (111-162),T3 (111-164),T3 (111-162),T3 (111-161),T3 (113-161),T3 (115-162),,,,,,,,,,,,,,,,
University of Puget Sound,WA,236328,96,95,89,85,85,84,89,72,68,70,72,81,76,85,81,81,80,81,80,82,81,77,81,T2 (53-112),T2 (52-114),T2 (52-80),T3 (81-121),T2 (41-89),T2 (43-92),T3 (81-120),T3 (82-121),T2 (41-80),,,,,,,,,
Morehouse College,GA,140553,96,95,100,124,128,155,154,143,160,159,148,133,126,124,127,127,T3 (127-191),T3 (125-189),T3 (126-184),T3 (111-162),T3 (111-164),T3 (111-162),T3 (111-161),T3 (113-161),T3 (115-162),T4 (121-162),T4 (122-161),T4 (123-162),T3 (93-127),T3 (81-120),T3 (82-121),,,,,,,,,,
St. Mary's College of Maryland,MD,163912,96,100,82,89,89,80,92,95,96,99,93,89,89,87,90,88,92,84,87,95,84,87,78,T2 (53-112),T2 (52-114),T2 (52-80),T2 (43-80),T2 (41-89),T2 (43-92),T2 (41-80),T3 (82-121),T3 (81-120),,,,,,,,,
Augustana College,IL,143084,96,100,100,94,92,96,92,95,101,99,105,105,100,96,86,88,97,88,91,104,94,89,88,T2 (53-112),T2 (52-114),T3 (81-120),T3 (81-121),T2 (41-89),T2 (43-92),T3 (81-120),T3 (82-121),T3 (81-120),Q3 (71-105),Q4 (106-140),Q4 (106-140),Q3 (72-106),,,,,
Lycoming College,PA,213668,96,100,107,111,124,120,117,131,147,154,164,159,161,156,151,144,T3 (127-191),T3 (125-189),T3 (126-184),T3 (111-162),T3 (111-164),T3 (111-162),T3 (111-161),T3 (113-161),T3 (115-162),,,,,,,,,,,,,,,,
Lewis & Clark College,OR,209056,96,103,93,94,82,76,72,68,76,87,72,77,74,70,71,75,79,71,80,79,81,77,85,T2 (53-112),T2 (52-114),T3 (81-120),T3 (81-121),T2 (41-89),T2 (43-92),T3 (81-120),T2 (41-81),T3 (81-120),Q2 (36-70),Q3 (71-105),Q3 (71-105),Q3 (72-106),,,,,
Randolph-Macon College,VA,233295,96,103,107,107,111,102,111,120,126,132,125,124,134,112,127,131,T3 (127-191),T3 (125-189),122,104,104,105,97,T3 (113-161),T2 (52-114),T3 (81-120),T3 (81-121),T3 (90-122),T3 (93-127),T3 (81-120),T3 (82-121),T4 (121-160),Q4 (106-140),Q3 (71-105),Q3 (71-105),Q3 (72-106),,,,,
Susquehanna University,PA,216278,96,103,107,111,117,113,117,135,141,132,120,116,115,124,116,114,112,115,106,104,T3 (111-164),T3 (111-162),T3 (111-161),T3 (113-161),T3 (115-162),,,,,,,,,,,,,,,,
St. John's College,NM,245652,96,114,93,63,75,76,72,72,76,83,100,89,,,,187,122,122,T3 (126-184),T3 (111-162),T3 (111-164),T3 (111-162),T3 (111-161),T3 (113-161),T3 (115-162),T4 (121-162),T3 (81-121),T3 (90-122),T2 (43-92),T2 (41-80),T2 (41-81),T3 (81-120),Q3 (71-105),Q3 (71-105),Q2 (36-70),Q2 (37-71),,,,,
Hendrix College,AR,107080,96,114,112,102,98,93,92,76,76,72,82,81,82,70,86,81,80,77,71,69,73,70,70,T2 (53-112),T2 (52-114),T3 (81-120),T3 (81-121),T3 (90-122),T2 (43-92),T3 (81-120),T2 (41-81),T2 (41-80),Q3 (71-105),Q3 (71-105),Q3 (71-105),Q3 (72-106),,,,,
Hampden-Sydney College,VA,232256,107,103,116,94,98,102,111,113,96,105,108,105,97,108,94,111,97,98,106,104,104,T3 (111-162),106,T3 (113-161),T2 (52-114),T3 (81-120),T3 (81-121),T3 (90-122),T3 (93-127),T2 (41-80),T3 (82-121),T3 (81-120),Q3 (71-105),Q3 (71-105),Q3 (71-105),Q2 (37-71),,,,,
Patrick Henry College,VA,451927,107,136,,,,,,,,,,,,,,,,,,,,,,,,,,,,,,,,,,,,,,,
Sarah Lawrence College,NY,195304,109,108,100,72,71,63,68,65,53,59,57,59,,,,,,,,45,49,48,48,49,40,50,38,36,35,29,35,T1 (26-40),Q2 (36-70),Q1 (26-35),Q1 (26-35),Q2 (37-71),,,,,
Transylvania University,KY,157818,109,108,121,102,92,84,72,76,87,83,82,81,76,75,81,88,85,77,87,95,104,105,97,T2 (53-112),T2 (52-114),T3 (81-120),T3 (81-121),T2 (41-89),T3 (93-127),T3 (81-120),T3 (82-121),T3 (81-120),,,,,,,,,
St. Norbert College,WI,239716,111,90,93,111,117,130,145,127,134,132,127,123,134,138,127,127,T3 (127-191),T3 (125-189),T3 (126-184),,,,,,,,,,,,,,,,,,,,,,
Linfield College,OR,209065,111,108,107,120,117,120,117,108,117,128,120,124,123,112,121,105,118,118,122,,,,,,,,,,,,,,,,,,,,,,
Luther College,IA,153834,111,108,116,107,105,102,100,89,87,90,90,89,94,100,86,81,89,88,97,95,T3 (111-164),101,106,T2 (53-112),T2 (52-114),T3 (81-120),T3 (81-121),T3 (90-122),T3 (93-127),T3 (81-120),T3 (82-121),T3 (81-120),Q3 (71-105),Q3 (71-105),Q4 (106-140),Q4 (107-141),,,,,
Illinois College,IL,145691,111,114,124,130,146,140,136,143,138,128,136,155,156,156,133,158,T3 (127-191),T3 (125-189),T3 (126-184),,,,,,,T4 (121-162),T4 (122-161),T4 (123-162),T4 (128-158),T4 (121-160),T4 (122-161),T4 (121-160),,,,,,,,,
Hanover College,IN,150756,115,103,112,102,98,102,105,113,112,122,116,113,115,112,116,114,105,98,91,86,94,89,90,T2 (53-112),T2 (52-114),T4 (121-162),T3 (81-121),T3 (90-122),T3 (93-127),T3 (81-120),T3 (82-121),T4 (121-160),Q3 (71-105),Q3 (71-105),Q3 (71-105),Q3 (72-106),,,,,
Westmont College,CA,125727,115,108,107,124,114,113,117,108,96,99,93,96,94,90,90,99,92,111,106,104,104,T3 (111-162),97,T3 (113-161),T3 (115-162),T3 (81-120),T4 (122-161),T4 (123-162),T4 (128-158),T4 (121-160),T3 (82-121),T3 (81-120),Q4 (106-140),Q4 (106-140),Q4 (106-140),Q4 (107-141),,,,,
Massachusetts College of Liberal Arts,MA,167288,115,119,121,130,128,149,140,162,T2 (173-229),T2 (179-232),T2 (177-235),165,176,T2 (182-240),178,T2 (190-250),T3 (127-191),T4 (190-248),T4 (187-248),T4 (163-213),T4 (165-215),T4 (163-215),T4 (162-214),T4 (162-214),T4 (163-214),,,,,,,,,,,,,,,,
Saint Michael's College,VT,231059,115,122,116,119,126,120,124,116,106,99,105,99,89,90,99,93,105,104,106,,,,,,,,,,,,,,,,,,,,,,
University of Minnesota Morris,MN,174251,115,122,130,136,141,140,148,155,141,140,136,139,154,161,144,152,T3 (127-191),T3 (125-189),T3 (126-184),T3 (111-162),T3 (111-164),T3 (111-162),T3 (111-161),T3 (113-161),T3 (115-162),T4 (121-162),T4 (122-161),T4 (123-162),T4 (128-158),T4 (121-160),T4 (122-161),T3 (81-120),,,,,,,,,
Meredith College,NC,198950,115,126,130,130,136,136,148,162,163,154,,,,,,180,T3 (127-191),T3 (125-189),T3 (126-184),,,,,,,,,,,,,,,,,,,,,,
Westminster College,PA,216807,121,108,112,124,117,120,114,120,128,119,125,116,115,124,121,119,122,122,T3 (126-184),T3 (111-162),T3 (111-164),T3 (111-162),T3 (111-161),T2 (53-112),T3 (115-162),T3 (81-120),T3 (81-121),T4 (123-162),T4 (128-158),T4 (121-160),T4 (122-161),T4 (121-160),,,,,,,,,
Bennington College,VT,230816,121,114,112,84,79,76,89,95,87,90,93,89,100,100,102,122,112,104,106,91,100,96,70,T2 (53-112),T2 (52-114),T3 (81-120),T4 (122-161),T3 (90-122),T2 (43-92),T3 (81-120),T3 (82-121),T3 (81-120),Q3 (71-105),Q3 (71-105),Q2 (36-70),Q2 (37-71),,,,,
Saint Vincent College,PA,215798,121,114,124,120,146,140,132,152,147,149,154,,,,,,,,,,,,,,,,,,,,,,,,,,,,,,
Ohio Wesleyan University,OH,204909,121,119,116,111,98,93,92,95,101,95,108,99,100,108,102,105,105,111,97,95,100,89,97,T2 (53-112),T2 (52-114),T3 (81-120),T3 (81-121),T3 (90-122),T2 (43-92),T2 (41-80),T2 (41-81),T2 (41-80),,,,,,,,,
Cornell College,IA,153162,121,132,116,100,89,76,68,81,87,90,93,105,97,90,94,81,85,88,97,T3 (111-162),T3 (111-164),T3 (111-162),T3 (111-161),T2 (53-112),T3 (115-162),T3 (81-120),T3 (81-121),T3 (90-122),T3 (93-127),T3 (81-120),T3 (82-121),T3 (81-120),Q3 (71-105),Q3 (71-105),Q3 (71-105),Q3 (72-106),,,,,
Covenant College,GA,139393,126,119,135,147,146,140,148,168,168,159,,,,,,,,,,,,,,,,,,,,,,,,,,,,,,,
Roanoke College,VA,233426,126,122,130,120,128,130,130,135,138,140,143,133,126,133,133,158,T3 (127-191),T3 (125-189),T3 (126-184),T3 (111-162),T3 (111-164),T3 (111-162),T3 (111-161),T3 (113-161),T3 (115-162),,,,,,,,,,,,,,,,
Goucher College,MD,162654,126,126,124,111,117,120,111,116,112,113,112,105,110,110,121,111,105,111,91,91,94,96,91,T2 (53-112),T2 (52-114),T3 (81-120),T3 (81-121),T3 (90-122),T3 (93-127),T3 (81-120),T3 (82-121),T2 (41-80),Q2 (36-70),Q2 (36-70),Q3 (71-105),Q3 (72-106),,,,,
Coe College,IA,153144,126,136,130,142,136,130,130,124,123,119,116,120,120,112,102,101,97,98,106,95,T3 (111-164),105,T3 (111-161),T2 (53-112),T2 (52-114),T3 (81-120),T3 (81-121),T4 (123-162),T3 (93-127),T3 (81-120),T3 (82-121),T3 (81-120),Q3 (71-105),Q3 (71-105),Q3 (71-105),Q3 (72-106),,,,,
College of the Atlantic,ME,160959,126,136,156,,92,101,82,95,93,83,82,99,93,90,116,131,T3 (127-191),T3 (125-189),T3 (126-184),T3 (111-162),T3 (111-164),T3 (111-162),T4 (162-214),T4 (162-214),T3 (115-162),,,,,T4 (121-160),T4 (122-161),T4 (121-160),,,,,,,,,
Albion College,MI,168546,131,126,124,136,128,130,140,152,128,122,100,99,100,112,102,111,97,104,116,91,84,83,85,T2 (53-112),T2 (52-114),T3 (81-120),T3 (81-121),T3 (90-122),T3 (93-127),T3 (81-120),T2 (41-81),T2 (41-80),Q3 (71-105),Q3 (71-105),Q3 (71-105),Q3 (72-106),,,,,
Central College,IA,153108,131,126,135,145,136,140,160,141,128,132,136,139,134,151,144,144,122,122,T3 (126-184),,,,,,,T4 (121-162),T4 (122-161),T4 (123-162),T3 (93-127),T4 (121-160),T4 (122-161),T4 (121-160),,,,,,,,,
University of Mary Washington,VA,232681,131,132,154,149,,,,,,,,,,,,,,,,,,,,T3 (113-161),T3 (115-162),,,,,,,,,,,,,,,,
State University of New York at Purchase College,NY,196219,131,136,139,136,155,155,T2 (164-215),172,T2 (173-229),T2 (179-232),171,171,156,175,177,187,T4 (192-249),T4 (190-248),T4 (187-248),,,,,,,,,,,,,,Q4 (106-140),Q4 (106-140),Q4 (106-140),Q4 (107-141),,,,,
New College of Florida,FL,262129,135,122,100,76,82,84,102,90,101,90,82,87,89,87,94,99,97,94,87,86,88,,,,,,,,,,,,,,,,,,,,
Eckerd College,FL,133492,135,126,130,130,128,136,140,135,128,122,127,124,141,138,144,137,T3 (127-191),T3 (125-189),T3 (126-184),T3 (111-162),T3 (111-164),T3 (111-162),T3 (111-161),T3 (113-161),T3 (115-162),T4 (121-162),T3 (81-121),T3 (90-122),T3 (93-127),T3 (81-120),T3 (82-121),T3 (81-120),Q3 (71-105),Q3 (71-105),Q3 (71-105),Q3 (72-106),,,,,
Concordia College at Moorhead,MN,173300,135,126,146,145,141,130,132,127,117,115,120,129,138,133,139,137,T3 (127-191),T3 (125-189),T3 (126-184),T3 (111-162),T3 (111-164),T3 (111-162),T3 (111-161),T3 (113-161),T3 (115-162),T4 (121-162),T4 (122-161),T4 (123-162),T4 (128-158),T4 (121-160),T4 (122-161),T4 (121-160),,,,,,,,,
University of North Carolina at Asheville,NC,199111,135,132,139,136,146,140,148,143,141,159,148,159,146,156,165,158,T3 (127-191),T3 (125-189),T3 (126-184),T3 (111-162),T3 (111-164),T3 (111-162),T3 (111-161),T3 (113-161),T3 (115-162),,,,,T4 (121-160),T4 (122-161),T4 (121-160),,,,,,,,,
Hollins University,VA,232308,135,136,124,102,105,102,102,103,112,105,108,112,110,112,116,105,105,98,97,104,88,87,85,T2 (53-112),T2 (52-114),T2 (52-80),T2 (43-80),T2 (41-89),T2 (43-92),T3 (81-120),T3 (82-121),T3 (81-120),Q3 (71-105),Q3 (71-105),Q3 (71-105),Q3 (72-106),,,,,
Emmanuel College,MA,165671,135,145,152,151,T2 (168-222),T2 (171-221),T2 (164-215),T2 (173-229),T2 (173-229),T2 (179-232),,,,,,,,,,,,,,,,,,,,,,,Q4 (106-140),Q4 (106-140),Q4 (106-140),Q4 (107-141),,,,,
University of New Hampshire at Manchester,NH,183071,135,147,154,,,,,,,,,,,,,,,,,,,,,,,,,,,,,,,,,,,,,,
Claflin University,SC,217873,135,153,159,T2 (156-201),,,,162,T2 (173-229),T2 (179-232),174,T2 (182-236),T2 (183-240),T2 (182-240),178,,,,,,,,,,,,,,,,,,,,,,,,,,
Salem College,NC,199607,143,132,139,124,136,140,132,131,117,122,136,148,156,T2 (182-240),T2 (183-236),166,T3 (127-191),T3 (125-189),T3 (126-184),T3 (111-162),T3 (111-164),T3 (111-162),T3 (111-161),T3 (113-161),T3 (115-162),T4 (121-162),T4 (122-161),T4 (123-162),T4 (128-158),T4 (121-160),T4 (122-161),T4 (121-160),Q4 (106-140),Q4 (106-140),Q4 (106-140),Q4 (107-141),,,,,
Centenary College of Louisiana,LA,158477,143,136,139,T2 (156-201),164,155,157,168,147,146,148,148,167,170,171,T2 (190-250),T3 (127-191),T3 (125-189),T3 (126-184),,,,,,,,,,,,,,Q4 (106-140),Q4 (106-140),Q4 (106-140),Q4 (107-141),,,,,
Ripon College,WI,239628,143,136,146,136,128,120,105,120,117,113,116,113,120,124,116,105,122,T3 (125-189),T3 (126-184),T3 (111-162),T3 (111-164),T3 (111-162),T3 (111-161),T3 (113-161),T2 (52-114),T3 (81-120),T3 (81-121),T3 (90-122),T2 (43-92),T3 (81-120),T3 (82-121),T3 (81-120),Q3 (71-105),Q3 (71-105),Q3 (71-105),Q3 (72-106),,,,,
Millsaps College,MS,175980,146,136,124,136,114,113,124,108,87,90,93,89,82,90,85,93,89,84,87,82,81,89,91,T2 (53-112),T2 (52-114),T2 (52-80),T2 (43-80),T2 (41-89),T2 (43-92),T3 (81-120),T3 (82-121),T3 (81-120),Q3 (71-105),Q3 (71-105),Q3 (71-105),Q3 (72-106),,,,,
Franklin College,IN,150604,146,147,139,142,146,136,145,143,147,168,,,,,,,,,,,,,,,,T4 (121-162),T4 (122-161),T4 (123-162),T4 (128-158),T4 (121-160),T4 (122-161),T4 (121-160),,,,,,,,,
Aquinas College,MI,168786,146,147,156,149,158,T2 (171-221),T2 (164-215),,,,,,,,,,,,,,,,,,,,,,,,,,,,,,,,,,
Houghton College,NY,191676,146,153,146,130,124,127,124,143,147,144,136,139,141,140,133,137,T3 (127-191),T3 (125-189),T3 (126-184),T3 (111-162),T3 (111-164),T3 (111-162),T3 (111-161),T3 (113-161),T3 (115-162),T4 (121-162),T3 (81-121),T4 (123-162),T4 (128-158),T4 (121-160),T4 (122-161),T4 (121-160),Q4 (106-140),Q4 (106-140),Q4 (106-140),Q4 (107-141),,,,,
New Saint Andrews College,ID,440396,146,165,,,,,,,,,,,,,,,,,,,,,,,,,,,,,,,,,,,,,,,
Hartwick College,NY,191533,151,136,121,142,146,149,160,T2 (173-229),165,159,164,165,161,164,171,174,T3 (127-191),T3 (125-189),T3 (126-184),T3 (111-162),T3 (111-164),T3 (111-162),T4 (162-214),T3 (113-161),T3 (115-162),T4 (121-162),T4 (122-161),T4 (123-162),T3 (93-127),T3 (81-120),T4 (122-161),T4 (121-160),Q4 (106-140),Q4 (106-140),Q4 (106-140),Q4 (107-141),,,,,
Ouachita Baptist University,AR,107512,151,158,178,T2 (156-201),,,,T2 (173-229),T2 (173-229),171,170,176,173,170,165,,,,,,,,,,,,,,,,,,,,,,,,,,
University of Puerto Rico in Cayey,PR,243151,151,162,159,T2 (156-201),T2 (168-222),166,,,,,,,,,,,,,,,,,,,,,,,,,,,,,,,,,,,
Monmouth College,IL,147341,154,147,135,130,126,127,124,135,147,159,167,165,165,172,162,174,T3 (127-191),T3 (125-189),T3 (126-184),T3 (111-162),T3 (111-164),T3 (111-162),T3 (111-161),T3 (113-161),T4 (163-214),T4 (121-162),T4 (122-161),T4 (123-162),T4 (128-158),T4 (121-160),T4 (122-161),T4 (121-160),,,,,,,,,
Bethany Lutheran College,MN,173142,154,147,159,T2 (156-201),T2 (168-222),T2 (171-221),T2 (164-215),T2 (173-229),T2 (173-229),T2 (179-232),T2 (177-235),T2 (182-236),T2 (183-240),T2 (182-240),178,,,,,,,,,,,,,,,,,,,,,,,,,,
Hampshire College,MA,166018,156,145,139,120,141,T2 (171-221),,,,,,,110,112,110,119,105,104,118,91,104,101,T3 (111-161),T2 (53-112),T2 (52-114),T3 (81-120),T3 (81-121),T3 (90-122),T3 (93-127),T3 (81-120),T3 (82-121),T3 (81-120),Q2 (36-70),Q2 (36-70),Q2 (36-70),Q2 (37-71),,,,,
Dillard University,LA,158802,156,153,159,T2 (156-201),T2 (168-222),T2 (171-221),T2 (164-215),T2 (173-229),T2 (173-229),T2 (179-232),T2 (177-235),T2 (182-236),T2 (183-240),T2 (182-240),T2 (183-236),T2 (190-250),T3 (127-191),T3 (125-189),T3 (126-184),,,,,,,,,,,,,,,,,,,,,,
Oglethorpe University,GA,140696,156,153,163,T2 (156-201),165,166,T2 (164-215),T2 (173-229),T2 (173-229),159,167,148,165,164,157,166,T3 (127-191),T3 (125-189),T3 (126-184),T3 (111-162),T3 (111-164),T3 (111-162),T3 (111-161),T3 (113-161),T3 (115-162),T3 (81-120),T3 (81-121),T3 (90-122),T3 (93-127),T4 (121-160),T3 (82-121),T3 (81-120),Q3 (71-105),Q4 (106-140),Q4 (106-140),Q4 (107-141),,,,,
Fisk University,TN,220181,156,158,146,151,146,T2 (171-221),T2 (164-215),152,T2 (173-229),171,171,165,146,145,144,122,T3 (127-191),T3 (125-189),118,T3 (111-162),T3 (111-164),T3 (111-162),T3 (111-161),T3 (113-161),T3 (115-162),,,,,,,,,,,,,,,,
Wartburg College,IA,154527,156,158,156,T2 (156-201),165,162,148,143,128,132,143,159,146,151,151,152,T3 (127-191),T3 (125-189),T3 (126-184),,,,,,,T4 (121-162),T4 (122-161),T4 (123-162),T4 (128-158),T4 (121-160),T4 (122-161),T4 (121-160),Q4 (106-140),Q4 (106-140),Q4 (106-140),Q4 (107-141),,,,,
Gordon College,MA,165936,156,162,163,151,158,155,T2 (164-215),162,168,171,158,139,138,130,144,131,T3 (127-191),T3 (125-189),T3 (126-184),T3 (111-162),T3 (111-164),T3 (111-162),T3 (111-161),T3 (113-161),T3 (115-162),T4 (121-162),T4 (122-161),T4 (123-162),T4 (128-158),T4 (121-160),T4 (122-161),T4 (121-160),Q4 (106-140),Q4 (106-140),Q4 (106-140),Q4 (107-141),,,,,
Randolph College,VA,233301,156,162,165,124,141,140,132,141,138,132,158,133,134,112,112,114,118,118,91,86,84,83,81,T2 (53-112),T2 (52-114),T2 (52-80),T2 (43-80),T2 (41-89),T2 (43-92),T2 (41-80),T2 (41-81),T3 (81-120),Q3 (71-105),Q3 (71-105),Q3 (71-105),Q3 (72-106),,,,,
Presbyterian College,SC,218539,163,147,139,124,128,127,140,127,123,119,127,124,126,121,121,119,105,104,106,T3 (111-162),100,89,106,T2 (53-112),T2 (52-114),T2 (52-80),T3 (81-121),T3 (90-122),T3 (93-127),T3 (81-120),T3 (82-121),T3 (81-120),,,,,,,,,
Wittenberg University,OH,206525,164,153,152,147,155,153,160,168,158,154,148,139,123,121,121,114,118,T3 (125-189),118,T3 (111-162),T3 (111-164),105,97,T2 (53-112),T2 (52-114),T3 (81-120),,T3 (90-122),T2 (43-92),T3 (81-120),T2 (41-81),T2 (41-80),,,,,,,,,
Westminster College,MO,179946,164,169,167,T2 (156-201),158,155,157,155,147,149,148,159,146,151,162,166,T3 (127-191),T3 (125-189),T3 (126-184),T3 (111-162),T3 (111-164),T3 (111-162),T3 (111-161),T3 (113-161),T3 (115-162),T4 (121-162),T4 (122-161),T4 (123-162),T4 (128-158),T4 (121-160),T4 (122-161),T4 (121-160),,,,,,,,,
Sweet Briar College,VA,233718,164,173,180,T2 (156-201),165,162,154,127,134,140,,116,110,100,99,101,77,84,83,74,71,68,63,T2 (53-112),T2 (52-114),T2 (52-80),T2 (43-80),T2 (41-89),T2 (43-92),T2 (41-80),T3 (82-121),T2 (41-80),Q3 (71-105),Q2 (36-70),Q2 (36-70),Q2 (37-71),,,,,
Bridgewater College,VA,231581,167,165,167,T2 (156-201),T2 (168-222),T2 (171-221),T2 (164-215),T2 (173-229),T2 (173-229),T2 (179-232),T2 (177-235),178,T2 (183-240),T2 (182-240),178,187,T3 (127-191),T3 (125-189),T4 (187-248),T4 (163-213),T4 (165-215),T4 (163-215),T4 (162-214),T4 (162-214),T4 (163-214),,,,,,,,,,,,,,,,
Lyon College,AR,106342,167,169,167,T2 (156-201),T2 (168-222),166,T2 (164-215),T2 (173-229),T2 (173-229),T2 (179-232),T2 (177-235),165,167,156,157,144,97,111,91,T3 (111-162),T3 (111-164),T3 (111-162),T3 (111-161),T3 (113-161),T3 (115-162),,,,,,,,,,,,,,,,
University of Virginia's College at Wise,VA,233897,167,173,165,T2 (156-201),158,166,T2 (164-215),T2 (173-229),T2 (173-229),T2 (179-232),T2 (177-235),T2 (182-236),T2 (183-240),T2 (182-240),T2 (183-236),T2 (190-250),T4 (192-249),T4 (190-248),T4 (187-248),T4 (163-213),T4 (165-215),T4 (163-215),T4 (162-214),T4 (162-214),T4 (163-214),,,,,,,,,,,,,,,,
Albright College,PA,210571,170,158,146,T2 (156-201),T2 (168-222),T2 (171-221),T2 (164-215),T2 (173-229),T2 (173-229),T2 (179-232),T2 (177-235),177,176,172,165,166,T3 (127-191),T3 (125-189),T3 (126-184),T3 (111-162),T3 (111-164),T3 (111-162),T3 (111-161),T3 (113-161),T3 (115-162),T4 (121-162),T4 (122-161),T4 (123-162),T4 (128-158),T4 (121-160),T3 (82-121),T4 (121-160),Q4 (106-140),Q3 (71-105),Q3 (71-105),Q3 (72-106),,,,,
Maryville College,TN,220710,170,169,172,T2 (156-201),,,,T2 (173-229),T2 (173-229),T2 (179-232),T2 (177-235),T2 (182-236),176,161,171,174,T3 (127-191),T3 (125-189),T3 (126-184),,,,,,,,,,,,,,,,,,,,,,
Guilford College,NC,198613,172,165,167,T2 (156-201),T2 (168-222),155,154,168,160,146,158,172,173,167,157,166,T3 (127-191),T3 (125-189),T3 (126-184),T4 (163-213),T3 (111-164),T3 (111-162),T3 (111-161),T3 (113-161),T3 (115-162),T3 (81-120),T3 (81-121),T3 (90-122),T3 (93-127),T3 (81-120),T4 (122-161),T4 (121-160),Q4 (106-140),Q4 (106-140),Q4 (106-140),Q3 (72-106),,,,,
Johnson C. Smith University,NC,198756,173,175,172,T2 (156-201),T2 (168-222),T2 (171-221),T2 (164-215),T2 (173-229),T2 (173-229),T2 (179-232),T2 (177-235),T2 (182-236),T2 (183-240),T2 (182-240),T2 (183-236),T2 (190-250),T4 (192-249),T4 (190-248),T4 (187-248),,,,,,,,,,,,,,,,,,,,,,
Simpson University,CA,123457,173,,,,,,,,,,T2 (177-235),T2 (182-236),T2 (183-240),T2 (182-240),T2 (183-236),T2 (190-250),T4 (192-249),T4 (190-248),T4 (187-248),,,,,,,,,,,,,,,,,,,,,,
Ava Maria University,FL,442295,175,178,182,T2 (156-201),T2 (168-222),T2 (171-221),T2 (164-215),T2 (173-229),T2 (173-229),T2 (179-232),T2 (177-235),T2 (182-236),T2 (183-240),T2 (182-240),T2 (183-236),,,,,,,,,,,,,,,,,,,,,,,,,,
Medgar Evers College-CUNY,NY,190646,176,181,182,,,,,,,,,,,,,,,,,,,,,,,,,,,,,,,,,,,,,,
Providence Christian College,CA,455770,176,T2 (187-204),T2 (185-204),,T2 (168-222),T2 (171-221),T2 (164-215),T2 (173-229),T2 (173-229),,,,,T2 (182-240),T2 (183-236),,,,,,,,,,,,,,,,,,,,,,,,,,
Virginia Wesleyan University,VA,234173,178,175,174,T2 (156-201),T2 (168-222),T2 (171-221),T2 (164-215),T2 (173-229),T2 (173-229),T2 (179-232),T2 (177-235),T2 (182-236),176,T2 (182-240),T2 (183-236),T2 (190-250),T4 (192-249),T4 (190-248),T4 (187-248),T4 (163-213),T4 (165-215),T4 (163-215),T4 (162-214),T4 (162-214),T4 (163-214),T4 (121-162),T4 (122-161),T4 (123-162),T4 (128-158),T4 (121-160),T4 (122-161),T4 (121-160),,,,,,,,,
Marymount Manhattan College,NY,192864,178,178,174,151,T2 (168-222),T2 (171-221),T2 (164-215),T2 (173-229),T2 (173-229),T2 (179-232),T2 (177-235),T2 (182-236),T2 (183-240),T2 (182-240),T2 (183-236),T2 (190-250),T4 (192-249),T4 (190-248),T4 (187-248),T4 (163-213),T4 (165-215),T4 (163-215),T4 (162-214),T4 (162-214),T4 (163-214),,,,,,,,Q4 (106-140),Q4 (106-140),Q4 (106-140),Q4 (107-141),,,,,
Georgetown College,KY,156745,180,178,T2 (185-204),T2 (156-201),T2 (168-222),T2 (171-221),157,T2 (173-229),147,168,154,155,146,151,151,162,T3 (127-191),T3 (125-189),T3 (126-184),T3 (111-162),T3 (111-164),T3 (111-162),T3 (111-161),T3 (113-161),T3 (115-162),T4 (121-162),T4 (122-161),T4 (123-162),T4 (128-158),T4 (121-160),T4 (122-161),,,,,,,,,,
Bryn Athyn College of the New Church,PA,210492,180,182,174,T2 (156-201),T2 (168-222),162,T2 (164-215),T2 (173-229),T2 (173-229),T2 (179-232),T2 (177-235),T2 (182-236),T2 (183-240),T2 (182-240),T2 (183-236),,,,,,,,,,,,,,,,,,,,,,,,,,
Tougaloo College,MS,176406,180,T2 (187-204),181,151,T2 (168-222),T2 (171-221),T2 (164-215),T2 (173-229),T2 (173-229),T2 (179-232),T2 (177-235),T2 (182-236),T2 (183-240),T2 (182-240),T2 (183-236),166,T3 (127-191),T4 (190-248),T4 (187-248),T4 (163-213),T4 (165-215),T4 (163-215),T4 (162-214),T4 (162-214),T4 (163-214),,,,,,,,,,,,,,,,
Antioch College,OH,245892,T2 (183-201),165,100,,,,,,,,,,,,,,,,,T3 (111-162),T3 (111-164),T4 (163-215),T3 (111-161),T3 (113-161),T3 (115-162),T4 (121-162),T4 (122-161),T4 (123-162),T3 (93-127),T4 (121-160),T4 (122-161),T4 (121-160),Q4 (106-140),Q4 (106-140),Q4 (106-140),Q3 (72-106),,,,,
Oakwood University,AL,101912,T2 (183-201),182,178,T2 (156-201),,,,,,,,,,,,,,,,,,,,,,,,,,,,,,,,,,,,,
Bethune-Cookman University,FL,132602,T2 (183-201),182,T2 (185-204),T2 (156-201),T2 (168-222),T2 (171-221),T2 (164-215),T2 (173-229),T2 (173-229),T2 (179-232),,,,,,,,,,,,,,,,,,,,,,,,,,,,,,,
"Holy Cross College at Notre Dame, Indiana",IN,150774,T2 (183-201),182,T2 (185-204),T2 (156-201),,,,T2 (173-229),T2 (173-229),T2 (179-232),T2 (177-235),T2 (182-236),T2 (183-240),T2 (182-240),T2 (183-236),,,,,,,,,,,,,,,,,,,,,,,,,,
Southern Virginia University,VA,233611,T2 (183-201),182,T2 (185-204),T2 (156-201),T2 (168-222),T2 (171-221),T2 (164-215),T2 (173-229),T2 (173-229),T2 (179-232),,,,,,,,,,,,,,,,,,,,,,,,,,,,,,,
Bennett College,NC,197993,T2 (183-201),T2 (187-204),182,T2 (156-201),T2 (168-222),T2 (171-221),T2 (164-215),,,,T2 (177-235),T2 (182-236),T2 (183-240),T2 (182-240),T2 (183-236),T2 (190-250),T4 (192-249),T4 (190-248),T4 (187-248),T4 (163-213),T4 (165-215),T4 (163-215),T4 (162-214),T4 (162-214),T4 (163-214),,,,,,,,,,,,,,,,
Allen University,SC,217624,T2 (183-201),T2 (187-204),T2 (185-204),T2 (156-201),T2 (168-222),T2 (171-221),T2 (164-215),T2 (173-229),T2 (173-229),T2 (179-232),T2 (177-235),T2 (182-236),T2 (183-240),T2 (182-240),T2 (183-236),T2 (190-250),,,,,,,,,,,,,,,,,,,,,,,,,
Bethany College,WV,237181,T2 (183-201),T2 (187-204),T2 (185-204),T2 (156-201),T2 (168-222),T2 (171-221),T2 (164-215),T2 (173-229),T2 (173-229),T2 (179-232),T2 (177-235),T2 (182-236),T2 (183-240),178,165,162,T3 (127-191),T3 (125-189),T3 (126-184),T4 (163-213),T4 (165-215),T4 (163-215),T4 (162-214),T3 (113-161),T3 (115-162),T4 (121-162),T4 (122-161),T4 (123-162),T3 (93-127),T4 (121-160),T4 (122-161),T4 (121-160),Q4 (106-140),Q4 (106-140),Q4 (106-140),Q4 (107-141),,,,,
Cheyney University of Pennsylvania,PA,211608,T2 (183-201),T2 (187-204),T2 (185-204),T2 (156-201),T2 (168-222),T2 (171-221),T2 (164-215),T2 (173-229),T2 (173-229),T2 (179-232),,,,,,,,,,,,,,,,,T4 (122-161),,,,,,,,,,,,,,
East-West University,IL,144883,T2 (183-201),T2 (187-204),T2 (185-204),T2 (156-201),T2 (168-222),T2 (171-221),T2 (164-215),T2 (173-229),T2 (173-229),T2 (179-232),T2 (177-235),,T2 (183-240),T2 (182-240),T2 (183-236),,,,,,,,,,,,,,,,,,,,,,,,,,
Hebrew Theological College,IL,145497,T2 (183-201),T2 (187-204),T2 (185-204),,,,,,,,,,,,,,,,,,,,,,,,,,,,,,,,,,,,,,
Lane College,TN,220598,T2 (183-201),T2 (187-204),T2 (185-204),T2 (156-201),T2 (168-222),T2 (171-221),T2 (164-215),,,,T2 (177-235),T2 (182-236),T2 (183-240),T2 (182-240),T2 (183-236),T2 (190-250),T4 (192-249),T4 (190-248),T4 (187-248),T4 (163-213),T4 (165-215),T4 (163-215),T4 (162-214),T4 (162-214),T4 (163-214),,,,,,,,,,,,,,,,
Rust College,MS,176318,T2 (183-201),T2 (187-204),T2 (185-204),T2 (156-201),T2 (168-222),T2 (171-221),T2 (164-215),,,,T2 (177-235),T2 (182-236),T2 (183-240),T2 (182-240),T2 (183-236),T2 (190-250),T4 (192-249),,,,,,,,,,,,,,,,,,,,,,,,
University of Pittsburgh at Greensburg,PA,215275,T2 (183-201),T2 (187-204),T2 (185-204),T2 (156-201),T2 (168-222),,,,,,,,,,,,,,,T4 (163-213),T4 (165-215),T4 (163-215),T4 (162-214),T4 (162-214),T4 (163-214),,,,,,,,,,,,,,,,
University of Science and Arts of Oklahoma,OK,207722,T2 (183-201),T2 (187-204),T2 (185-204),T2 (156-201),T2 (168-222),T2 (171-221),T2 (164-215),T2 (173-229),T2 (173-229),T2 (179-232),T2 (177-235),T2 (182-236),T2 (183-240),T2 (182-240),T2 (183-236),,,,,,,,,,,,,,,,,,,,,,,,,,
Virginia Union University,VA,234164,T2 (183-201),T2 (187-204),T2 (185-204),T2 (156-201),T2 (168-222),T2 (171-221),T2 (164-215),T2 (173-229),T2 (173-229),T2 (179-232),,,,,,,,,,T4 (163-213),T4 (165-215),T4 (163-215),T4 (162-214),T4 (162-214),,,,,,,,,,,,,,,,,
Warren Wilson College,NC,199865,T2 (183-201),T2 (187-204),T2 (185-204),T2 (156-201),T2 (168-222),162,160,143,160,159,164,165,167,175,162,183,T3 (127-191),T3 (125-189),T3 (126-184),,,,,,,,,,,,,,,,,,,,,,
Young Harris College,GA,141361,T2 (183-201),T2 (187-204),T2 (185-204),T2 (156-201),T2 (168-222),T2 (171-221),T2 (164-215),T2 (173-229),T2 (173-229),174,,,,,,,,,,,,,,,,,,,,,,,,,,,,,,,
Pennsylvania State University at Brandywine,PA,214731,T2 (183-201),T2 (187-204),,,,,,,,,,,,,,,,,,,,,,,,,,,,,,,,,,,,,,,
The King's College,NY,454184,,169,167,T2 (156-201),T2 (168-222),T2 (171-221),T2 (164-215),T2 (173-229),T2 (173-229),T2 (179-232),T2 (177-235),T2 (182-236),T2 (183-240),T2 (182-240),,,,,,,,,,,,,,,,,,,,,,,,,,,
Simpson College,IA,154350,,177,174,T2 (156-201),146,149,136,135,147,149,143,139,154,145,151,144,T3 (127-191),T3 (125-189),T3 (126-184),,,,,,,,,,,,,,,,,,,,,,
Paine College,GA,140720,,T2 (187-204),T2 (185-204),,,,,T2 (173-229),T2 (173-229),T2 (179-232),,,,,,T2 (190-250),T4 (192-249),T4 (190-248),T4 (187-248),T4 (163-213),T4 (165-215),T4 (163-215),T4 (162-214),T4 (162-214),T4 (163-214),,,,,,,,,,,,,,,,
Pillar College,NJ,440794,,T2 (187-204),T2 (185-204),T2 (156-201),,,,,,,,,,,,,,,,,,,,,,,,,,,,,,,,,,,,,
Birmingham-Southern College,AL,100937,,,135,111,128,130,140,131,123,132,120,124,115,124,102,93,92,81,76,74,88,70,66,T2 (53-112),T2 (52-114),T2 (52-80),T2 (43-80),T2 (41-89),T2 (43-92),T2 (41-80),T2 (41-81),T2 (41-80),Q3 (71-105),Q3 (71-105),Q3 (71-105),Q4 (107-141),,,,,
Wells College,NY,197230,,,146,T2 (156-201),146,136,124,T2 (173-229),168,174,136,148,141,133,127,144,T3 (127-191),T3 (125-189),122,T3 (111-162),94,105,106,T2 (53-112),T2 (52-114),T3 (81-120),T3 (81-121),T2 (41-89),T2 (43-92),T3 (81-120),T3 (82-121),T3 (81-120),Q2 (36-70),Q2 (36-70),Q3 (71-105),Q2 (37-71),,,,,
Martin University,IN,151810,,,T2 (185-204),T2 (156-201),,,,,,,,,,,,,,,,,,,,,,,,,,,,,,,,,,,,,
Adrian College,MI,168528,,,,,,,,,,,,,,,,,,,,T4 (163-213),T4 (165-215),T4 (163-215),T4 (162-214),T4 (162-214),,,,,,,,,,,,,,,,,
Albert Magnus College,CT,128498,,,,,,,,,,,,,,,,T2 (190-250),T4 (192-249),T4 (190-248),T4 (187-248),,,,,,T3 (115-162),,,,,,,,,,,,,,,,
Albertson College,ID,142294,,,,,,,,,,,,,,,,,,,T3 (126-184),T4 (163-213),T3 (111-164),T3 (111-162),T3 (111-161),T3 (113-161),T4 (163-214),,,,,,,,,,,,,,,,
Alfred University,NY,188641,,,,,,,,,,159,,,,,,,,,,,,,,,,,,,,,,,,,,,,,,,
Alice Lloyd College,KY,156189,,,,,,,,,,T2 (179-232),,,,,T2 (183-236),,,,,,,,,,,,,,,,,,,,,,,,,,
Alma College,MI,168591,,,,,,,,143,141,146,143,139,126,130,133,137,T3 (127-191),T3 (125-189),T3 (126-184),T3 (111-162),T3 (111-164),T3 (111-162),T3 (111-161),T2 (53-112),T2 (52-114),T3 (81-120),T3 (81-121),T3 (90-122),T3 (93-127),T3 (81-120),T3 (82-121),T3 (81-120),Q3 (71-105),Q3 (71-105),Q3 (71-105),Q3 (72-106),,,,,
American Jewish University,CA,116846,,,,,,,,T2 (173-229),T2 (173-229),T2 (179-232),T2 (177-235),T2 (182-236),167,151,T2 (183-236),,T3 (127-191),T3 (125-189),T3 (126-184),,,,,,,,,,,,,,,,,,,,,,
Amridge University,AL,100690,,,,,,,,,,,T2 (177-235),T2 (182-236),T2 (183-240),T2 (182-240),T2 (183-236),,,,,,,,,,,,,,,,,,,,,,,,,,
Arkansas Baptist College,AR,106306,,,,,,,,,,,,,,,,,,,,T4 (163-213),T4 (165-215),T4 (163-215),T4 (162-214),T4 (162-214),T4 (163-214),,,,,,,,,,,,,,,,
Asbury University,KY,156213,,,,,,,,,,,,,,,,162,T3 (127-191),T3 (125-189),T3 (126-184),,,,,,,,,,,,,,,,,,,,,,
Atlantic Union College,MA,164571,,,,,,,,,,,,,,,,T2 (190-250),T4 (192-249),T4 (190-248),T4 (187-248),,,,,,,,,,,,,,,,,,,,,,
Baker University,KS,154688,,,,,,,,,,,,,,,,144,T3 (127-191),T3 (125-189),T4 (187-248),,,,,,,,,,,,,,,,,,,,,,
Barat College,IL,143163,,,,,,,,,,,,,,,,,,,,,,,,,,,,,,,,,Q4 (106-140),Q4 (106-140),Q4 (106-140),Q4 (107-141),,,,,
Barber Scotia College,NC,197948,,,,,,,,,,,,,,,,,,,,,T4 (165-215),T4 (163-215),T4 (162-214),T4 (162-214),T4 (163-214),,,,,,,,,,,,,,,,
Bard College at Simon's Rock,MA,167792,,,,,,,,T2 (173-229),147,144,,,,,,,,,,,,,,,,T4 (121-162),T4 (122-161),T3 (90-122),T4 (128-158),T4 (121-160),T4 (122-161),T3 (81-120),,,,,,,,,
Bay Path University,MA,164632,,,,,,,,,,,T2 (177-235),T2 (182-236),T2 (183-240),T2 (182-240),T2 (183-236),,,,,,,,,,,,,,,,,,,,,,,,,,
Benedictine College,KS,154712,,,,,,,,,,,,,,,,,,,,,,,,,,,,,,,,,Q4 (106-140),Q4 (106-140),Q4 (106-140),Q4 (107-141),,,,,
Berry College,GA,139144,,,,,,,,,,,127,129,126,124,121,122,112,118,118,,,,,,,,,,,,,,,,,,,,,,
Bethel College,KS,154749,,,,,,,,T2 (173-229),T2 (173-229),T2 (179-232),,,,,,137,T3 (127-191),T4 (190-248),T3 (126-184),,,,,,T4 (163-214),,,,,,,,,,,,,,,,
Bethel University,TN,219718,,,,,,,,,,,,,,,,,,,,T4 (163-213),T4 (165-215),T4 (163-215),T4 (162-214),T4 (162-214),,,,,,,,,,,,,,,,,
Blackburn College,IL,143288,,,,,T2 (168-222),T2 (171-221),T2 (164-215),,,,,,,,,,,,,T4 (163-213),T4 (165-215),T4 (163-215),T4 (162-214),T4 (162-214),T4 (163-214),,,,,,,,Q4 (106-140),Q4 (106-140),Q4 (106-140),Q4 (107-141),,,,,
Bloomfield College,NJ,183822,,,,T2 (156-201),T2 (168-222),T2 (171-221),T2 (164-215),T2 (173-229),T2 (173-229),T2 (179-232),T2 (177-235),T2 (182-236),T2 (183-240),T2 (182-240),T2 (183-236),T2 (190-250),T4 (192-249),T4 (190-248),T4 (187-248),,,,,,,,,,,,,,,,,,,,,,
Borromeo College of Ohio,OH,203368,,,,,,,,,,,,,,,,,,,,,,,,,,,,,,,,,,,,Q4 (107-141),,,,,
Brevard College,NC,198066,,,,,,,,,,,,T2 (182-236),T2 (183-240),T2 (182-240),T2 (183-236),T2 (190-250),T4 (192-249),T4 (190-248),T4 (187-248),,,,,,,,,,,,,,,,,,,,,,
Brewton-Parker College,GA,139205,,,,,T2 (168-222),T2 (171-221),T2 (164-215),,,,,,,,,,,,,,,,,,,,,,,,,,,,,,,,,,
Brigham Young University-Hawaii,HI,230047,,,,,,,,,,,,,,,,T2 (190-250),T4 (192-249),T4 (190-248),T4 (187-248),,,,,,,,,,,,,,,,,,,,,,
Burlington College,VT,230825,,,,,,,,,,T2 (179-232),T2 (177-235),T2 (182-236),T2 (183-240),,,,,,,,,T4 (163-215),T4 (162-214),T4 (162-214),T4 (163-214),,,,,,,,,,,,,,,,
"California State University, Monterey Bay",CA,409698,,,,,,,,,,,,,,,,T2 (190-250),T4 (192-249),T4 (190-248),T4 (187-248),T4 (163-213),T4 (165-215),T4 (163-215),,,,,,,,,,,,,,,,,,,
Calvin College,MI,169080,,,,,,,,,,,120,116,100,110,102,101,112,115,116,,,,,,,,,,,,,,,,,,,,,,
Carroll College,MT,180106,,,,,,,,,,,,,,,,181,T3 (127-191),T3 (125-189),T3 (126-184),,,,,,,,,,,,,,,,,,,,,,
Carroll University,WI,238458,,,,,,,,,,,,,,,,,,,,,,,,,,,,,,,,,Q4 (106-140),Q4 (106-140),Q4 (106-140),Q4 (107-141),,,,,
Carson-Newman College,TN,219806,,,,,,,,,,,,,,,,183,T4 (192-249),T3 (125-189),T3 (126-184),,,,,,,,,,,,,,,,,,,,,,
Carthage College,WI,238476,,,,,,,,T2 (173-229),163,154,154,155,167,161,165,,,,,,,,,,,,,,,,,,,,,,,,,,
Castleton State College,VT,230834,,,,,,,,,,,T2 (177-235),T2 (182-236),T2 (183-240),T2 (182-240),T2 (183-236),,,,,,,,,,,,,,,,,,,,,,,,,,
Cedar Crest College,PA,211468,,,,,,,,,,,,,,,,T2 (190-250),T3 (127-191),T3 (125-189),T3 (126-184),,,,,,,,,,,,,,,,,,,,,,
Chatham College,PA,211556,,,,,,,,,,,,,,,,,,,,T3 (111-162),T3 (111-164),T3 (111-162),T3 (111-161),T3 (113-161),T3 (115-162),T4 (121-162),T4 (122-161),T4 (123-162),T4 (128-158),T4 (121-160),T3 (82-121),T4 (121-160),Q3 (71-105),Q3 (71-105),Q2 (36-70),Q2 (37-71),,,,,
Chestnut Hill College,PA,211583,,,,,,,,,,,,,,,,,,,,,,,,,,,,,,,,,Q4 (106-140),Q4 (106-140),Q4 (106-140),Q4 (107-141),,,,,
Chowan University,NC,198303,,,,,T2 (168-222),T2 (171-221),T2 (164-215),,,,,,,,,,,,,,,,,,,,,,,,,,,,,,,,,,
Christendom College,VA,231703,,,,,,,,,,,,,,,,,,,,T4 (163-213),T3 (111-164),T4 (163-215),T4 (162-214),T4 (162-214),T4 (163-214),T4 (121-162),,,,,,,,,,,,,,,
Christian Heritage College,CA,112084,,,,,,,,,,,,,,,,,,,,,T4 (165-215),T4 (163-215),T4 (162-214),T4 (162-214),T4 (163-214),,,,,,,,,,,,,,,,
Christopher Newport University,VA,231712,,,,,,,,,,,,,,,,T2 (190-250),T4 (192-249),T4 (190-248),T4 (187-248),T4 (163-213),T4 (165-215),T4 (163-215),T4 (162-214),T4 (162-214),T4 (163-214),,,,,,,,,,,,,,,,
Clarke University,IA,153126,,,,,,,,,,,,,,,,162,T3 (127-191),T3 (125-189),T3 (126-184),,,,,,,,,,,,,,,,,,,,,,
Clearwater Christian College,FL,133085,,,,,,,,,,,,T2 (182-236),T2 (183-240),T2 (182-240),T2 (183-236),,,,,,,,,,,,,,,,,,,,,,,,,,
Coastal Carolina University,SC,218724,,,,,,,,,,,,,,,,T2 (190-250),T4 (192-249),T4 (190-248),T4 (187-248),T4 (163-213),T4 (165-215),T4 (163-215),T4 (162-214),T4 (162-214),T4 (163-214),,,,,,,,,,,,,,,,
College of Idaho,ID,142294,,,,,136,120,117,131,168,168,169,159,167,164,171,174,T3 (127-191),T3 (125-189),,,,,,,,,,,,,,,,,,,,,,,
College of Mount St. Vincent,NY,193399,,,,,,,,,,,,,,,,,,,,,,,,,,,,,,,,,Q4 (106-140),Q4 (106-140),Q4 (106-140),Q4 (107-141),,,,,
The College of Saints John Fisher and Thomas More,TX,420352,,,,,,,,,,,,T2 (182-236),T2 (183-240),T2 (182-240),T2 (183-236),,,,,,,,,,,,,,,,,,,,,,,,,,
Colorado State University Pueblo,CO,128106,,,,,,,,,,,,,,,,T2 (190-250),T4 (192-249),T4 (190-248),T4 (187-248),,,,,,,,,,,,,,,,,,,,,,
Concordia College,NY,190248,,,,,,,,,,,,,,,,T2 (190-250),T4 (192-249),T4 (190-248),T4 (187-248),,,,,,,,,,,,,,,,,,,,,,
Davis and Elkins College,WV,237258,,,,,,,,T2 (173-229),T2 (173-229),T2 (179-232),,,,,,,,,,,,,,,,,,,,,,,,,,,,,,,
Doane University,NE,181020,,,,,T2 (168-222),166,,155,158,149,158,164,156,167,165,152,T3 (127-191),T3 (125-189),T3 (126-184),,,,,,,,,,,,,,,,,,,,,,
Eastern Mennonite University,VA,232043,,,,,,,,,,,171,172,180,175,175,181,T3 (127-191),T3 (125-189),T4 (187-248),T3 (111-162),T4 (165-215),T3 (111-162),T4 (162-214),T4 (162-214),T4 (163-214),,,,,,,,,,,,,,,,
Eastern Nazarene College,MA,165644,,,,,,,,,,,T2 (177-235),T2 (182-236),T2 (183-240),T2 (182-240),T2 (183-236),,,,,,,,,,,,,,,,,,,,,,,,,,
Elizabethtown College,PA,212197,,,,,117,113,105,113,117,115,,,,,,,,,,,,,,,,,,,,,,,,,,,,,,,
Elmira College,NY,190983,,,,,,,,155,165,174,,,,,,,,,,,,,,,,,,,,,,,,,,,,,,,
Emory and Henry College,VA,232025,,,,,158,154,148,162,168,174,174,172,173,172,157,144,T3 (127-191),T3 (125-189),T3 (126-184),T3 (111-162),T3 (111-164),T3 (111-162),T3 (111-161),T3 (113-161),T3 (115-162),,,,,,,,,,,,,,,,
Erskine College,SC,217998,,,,,,,,T2 (173-229),T2 (173-229),T2 (179-232),T2 (177-235),178,180,156,144,,,,,T3 (111-162),T3 (111-164),T3 (111-162),T3 (111-161),T3 (113-161),T3 (115-162),T4 (121-162),T4 (122-161),T3 (90-122),T3 (93-127),T4 (121-160),T4 (122-161),T4 (121-160),,,,,,,,,
Evangel University,MO,177339,,,,,,,,,,,,,,,,T2 (190-250),T4 (192-249),T4 (190-248),T4 (187-248),,,,,,,,,,,,,,,,,,,,,,
Evergreen State College,WA,235167,,,,,,,,,,,,,,,,,,,,T4 (163-213),T4 (165-215),T4 (163-215),T4 (162-214),T4 (162-214),T3 (115-162),,,,,,,,,,,,,,,,
Ferrum College,VA,232089,,,,,,,,,,,,,,,,T2 (190-250),T4 (192-249),T4 (190-248),T4 (187-248),,,,,,,,,,,,,,,,,,,,,,
Fort Lewis College,CO,127185,,,,,T2 (168-222),T2 (171-221),T2 (164-215),T2 (173-229),T2 (173-229),T2 (179-232),T2 (177-235),T2 (182-236),T2 (183-240),T2 (182-240),T2 (183-236),T2 (190-250),T4 (192-249),T4 (190-248),T4 (187-248),T4 (163-213),T4 (165-215),T4 (163-215),T4 (162-214),T4 (162-214),T4 (163-214),,,,,,,,,,,,,,,,
Franklin Pierce University,NH,182795,,,,,,,,,,,,,,,,T2 (190-250),T4 (192-249),T4 (190-248),T4 (187-248),T4 (163-213),T4 (165-215),T4 (163-215),T4 (162-214),T4 (162-214),T4 (163-214),,,,,,,,,,,,,,,,
Goddard College,VT,230889,,,,,,,,,,,,,,,,,,,,,,,,,,,,,,,,,Q4 (106-140),Q4 (106-140),Q4 (106-140),Q4 (107-141),,,,,
Goshen College,IN,150668,,,,,,,,,,,127,129,141,140,139,137,T3 (127-191),T3 (125-189),T3 (126-184),T3 (111-162),T3 (111-164),T3 (111-162),T3 (111-161),T3 (113-161),T3 (115-162),T4 (121-162),T4 (122-161),T4 (123-162),T4 (128-158),T4 (121-160),T4 (122-161),T4 (121-160),Q4 (106-140),Q4 (106-140),Q4 (106-140),Q4 (107-141),,,,,
Green Mountain College,VT,230898,,,,,,,,,,,T2 (177-235),T2 (182-236),T2 (183-240),T2 (182-240),T2 (183-236),T2 (190-250),T4 (192-249),T4 (190-248),T4 (187-248),,,,,,,,,,,,,,,,,,,,,,
Greensboro College,NC,198598,,,,,,,,,,,,,,,,T2 (190-250),T4 (192-249),T4 (190-248),T4 (187-248),T4 (163-213),T4 (165-215),T4 (163-215),T4 (162-214),T4 (162-214),T4 (163-214),,,,,,,,,,,,,,,,
Grove City College,PA,212805,,,,,105,113,114,120,126,122,134,139,141,133,133,127,T3 (127-191),T3 (125-189),T3 (126-184),,,,,,,,,,,,,,,,,,,,,,
Hamline University,MN,173665,,,,,,,,,,,,,,,,,,,,,,,,,,T3 (81-120),T3 (81-121),T3 (90-122),T3 (93-127),T3 (81-120),T3 (82-121),T3 (81-120),Q3 (71-105),Q3 (71-105),Q3 (71-105),Q4 (107-141),,,,,
Harrisburg University of Science and Technology,PA,446640,,,,,,,,,,,T2 (177-235),T2 (182-236),T2 (183-240),T2 (182-240),,,,,,,,,,,,,,,,,,,,,,,,,,,
Hastings College,NE,181127,,,,,,,,,,,,,,,,174,T3 (127-191),T3 (125-189),T3 (126-184),T4 (163-213),T3 (111-164),T3 (111-162),T3 (111-161),T4 (162-214),T4 (163-214),T4 (121-162),T4 (122-161),T4 (123-162),T4 (128-158),T4 (121-160),T4 (122-161),T4 (121-160),,,,,,,,,
Heidelberg University,OH,203085,,,,,,,,,,T2 (179-232),,,,,,,,,,,,,,,,,,,,,,,,,,,,,,,
Hiram College,OH,203128,,,,,,,,155,141,149,154,148,156,167,156,152,T3 (127-191),T3 (125-189),T3 (126-184),T3 (111-162),T3 (111-164),T3 (111-162),T3 (111-161),T3 (113-161),T3 (115-162),T3 (81-120),T3 (81-121),T3 (90-122),T3 (93-127),T3 (81-120),T3 (82-121),T3 (81-120),,,,,,,,,
Huntingdon College,AL,101435,,,,,,,,,,,,,,,,T2 (190-250),T4 (192-249),T4 (190-248),T4 (187-248),T4 (163-213),T4 (165-215),T3 (111-162),T3 (111-161),T3 (113-161),T4 (163-214),T4 (121-162),T4 (122-161),T4 (123-162),T4 (128-158),T4 (121-160),T4 (122-161),T4 (121-160),,,,,,,,,
Huston-Tillotson University,TX,225575,,,,,,,,,,,T2 (177-235),T2 (182-236),T2 (183-240),T2 (182-240),T2 (183-236),T2 (190-250),T4 (192-249),T4 (190-248),T4 (187-248),,,,,,,,,,,,,,,,,,,,,,
Illinois Wesleyan University,IL,145646,,,,,89,80,80,72,71,72,72,73,65,70,71,62,62,60,59,61,55,53,56,50,T2 (52-114),T2 (52-80),T2 (43-80),T2 (41-89),T2 (43-92),T2 (41-80),T2 (41-81),T2 (41-80),,,,,,,,,
Jarvis Christian College,TX,225885,,,,,,,,,,,,,,,,T2 (190-250),T4 (192-249),T4 (190-248),T4 (187-248),,,,,,,,,,,,,,,,,,,,,,
Judson College,AL,101541,,,,,T2 (168-222),T2 (171-221),T2 (164-215),T2 (173-229),T2 (173-229),T2 (179-232),T2 (177-235),T2 (182-236),T2 (183-240),T2 (182-240),T2 (183-236),T2 (190-250),T4 (192-249),T4 (190-248),T4 (187-248),T4 (163-213),T4 (165-215),T4 (163-215),T4 (162-214),T4 (162-214),T4 (163-214),T4 (121-162),T4 (122-161),T4 (123-162),T4 (128-158),T4 (121-160),T4 (122-161),T4 (121-160),,,,,,,,,
Kentucky State University,KY,157058,,,,,,,,,,,T2 (177-235),T2 (182-236),T2 (183-240),T2 (182-240),T2 (183-236),,,,,,,,,,,,,,,,,,,,,,,,,,
Kentucky Wesleyan College,KY,157076,,,,,,,,,,,,,,,,T2 (190-250),T4 (192-249),T4 (190-248),T4 (187-248),,,,,,,,,,,,,,,,,,,,,,
King College,TN,220516,,,,,,,,,,,,,,,,,,,,T4 (163-213),T4 (165-215),T4 (163-215),T4 (162-214),T4 (162-214),T4 (163-214),,,,,,,,Q4 (106-140),Q4 (106-140),Q4 (106-140),Q4 (107-141),,,,,
LaGrange College,GA,140234,,,,,,,,T2 (173-229),T2 (173-229),T2 (179-232),,,,,,,,,,,,,,,,,,,,,,,,,,,,,,,
Lambuth University,TN,220589,,,,,,,,,,,,,,,T2 (183-236),T2 (190-250),T4 (192-249),T4 (190-248),T4 (187-248),,,,,,,,,,,,,,,,,,,,,,
Lebanon Valley College,PA,213507,,,,,,,,,,,,,,,,,,,,,,,,,,,,,,,,,Q4 (106-140),Q4 (106-140),Q4 (106-140),Q4 (107-141),,,,,
Lees-McRae College,NC,198808,,,,,,,,,,,,,,,,,,,,T4 (163-213),T4 (165-215),T4 (163-215),T4 (162-214),T4 (162-214),T4 (163-214),,,,,,,,,,,,,,,,
Life University,GA,140252,,,,,,,,,,,T2 (177-235),T2 (182-236),T2 (183-240),T2 (182-240),T2 (183-236),,,,,,,,,,,,,,,,,,,,,,,,,,
Lindsey Wilson College,KY,157216,,,,,,,,,,,,,,,,T2 (190-250),T4 (192-249),T4 (190-248),T4 (187-248),T4 (163-213),T4 (165-215),T4 (163-215),T4 (162-214),T4 (162-214),T4 (163-214),,,,,,,,,,,,,,,,
Southampton College of Long Island University,NY,192466,,,,,,,,,,,,,,,,,,,,,,T4 (163-215),T4 (162-214),T4 (162-214),T4 (163-214),,,,,,,,,,,,,,,,
Louisiana State University of Alexandria,LA,159382,,,,,T2 (168-222),T2 (171-221),T2 (164-215),T2 (173-229),T2 (173-229),T2 (179-232),T2 (177-235),T2 (182-236),T2 (183-240),T2 (182-240),T2 (183-236),,,,,,,,,,,,,,,,,,,,,,,,,,
MacMurray College,IL,146825,,,,,,,,,,,,,,,,,,,,,,,,,,,,,,,,,Q4 (106-140),Q4 (106-140),Q4 (106-140),Q4 (107-141),,,,,
Manhattanville College,NY,192749,,,,,,,,,,T2 (179-232),,,,,,,,,,,,,,,,T4 (121-162),T4 (122-161),T4 (123-162),T4 (128-158),T4 (121-160),T4 (122-161),T4 (121-160),Q4 (106-140),Q4 (106-140),Q4 (106-140),Q4 (107-141),,,,,
Mansfield University of Pennsylvania,PA,213783,,,,,T2 (168-222),T2 (171-221),T2 (164-215),,,,,,,,,,,,,,,,,,,,,,,,,,,,,,,,,,
Marlboro College,VT,230940,,,,,T2 (168-222),155,136,116,117,128,136,,T2 (183-240),T2 (182-240),,T2 (190-250),T4 (192-249),T4 (190-248),T3 (126-184),T3 (111-162),T3 (111-164),T3 (111-162),T3 (111-161),T3 (113-161),T3 (115-162),T4 (121-162),T4 (122-161),T4 (123-162),T4 (128-158),T4 (121-160),T4 (122-161),T4 (121-160),Q3 (71-105),Q3 (71-105),Q3 (71-105),Q3 (72-106),,,,,
Marymount California University,CA,118541,,,,,T2 (168-222),T2 (171-221),T2 (164-215),,,,,,,,,,,,,,,,,,,,,,,,,,,,,,,,,,
McDaniel College,MD,164270,,,,,,,,124,134,128,134,129,126,140,139,122,T3 (127-191),T3 (125-189),,T3 (111-162),T3 (111-164),T3 (111-162),T3 (111-161),T3 (113-161),T3 (115-162),T3 (81-120),T3 (81-121),T4 (123-162),T4 (128-158),T4 (121-160),T4 (122-161),T4 (121-160),Q4 (106-140),Q4 (106-140),Q4 (106-140),Q4 (107-141),,,,,
McPherson College,KS,155511,,,,,,,,,,,,,,,,T2 (190-250),T4 (192-249),T4 (190-248),T4 (187-248),,,,,,,,,,,,,,,,,,,,,,
Merrimack College,MA,166850,,,,,,,,,,,,,,,,174,T3 (127-191),T3 (125-189),T3 (126-184),,,,,,,,,,,,,,,,,,,,,,
Colorado Mesa University,CO,127556,,,,,,,,,,,T2 (177-235),T2 (182-236),T2 (183-240),T2 (182-240),T2 (183-236),T2 (190-250),T4 (192-249),T4 (190-248),T4 (187-248),T4 (163-213),T4 (165-215),T4 (163-215),T4 (162-214),T4 (162-214),T4 (163-214),,,,,,,,,,,,,,,,
Metropolitan State College of Denver,CO,127565,,,,,,,,,,,,,,,,T2 (190-250),T4 (192-249),T4 (190-248),T4 (187-248),,,,,,,,,,,,,,,,,,,,,,
Millikin University,IL,147244,,,,,,,,,,,,,,,,144,T3 (127-191),T3 (125-189),T3 (126-184),,,,,,,,,,,,,,,,,,,,,,
Mills College,CA,118888,,,,,,,,,,,,,,,,,,,,82,73,70,66,T2 (53-112),T2 (52-114),T2 (52-80),T2 (43-80),T3 (90-122),T3 (93-127),T2 (41-80),T3 (82-121),T3 (81-120),Q3 (71-105),Q3 (71-105),Q3 (71-105),Q2 (37-71),,,,,
Moravian University,PA,214157,,,,,141,140,136,155,165,159,148,133,138,140,127,131,122,T3 (125-189),T3 (126-184),T3 (111-162),T3 (111-164),T3 (111-162),T3 (111-161),T3 (113-161),T3 (115-162),T3 (81-120),T3 (81-121),T3 (90-122),T4 (128-158),T4 (121-160),T4 (122-161),T4 (121-160),,,,,,,,,
Muskingum College,OH,204264,,,,,,,,,,,,,,,,,,,,T3 (111-162),T3 (111-164),T3 (111-162),T3 (111-161),T4 (162-214),T4 (163-214),,,,,,,,,,,,,,,,
National Hispanic University,CA,119544,,,,,,,,,,,,,,,,,,,,T4 (163-213),T4 (165-215),T4 (163-215),T4 (162-214),,,,,,,,,,,,,,,,,,
Nebraska Wesleyan University,NE,181446,,,,,,,,,,,143,148,146,145,144,152,T3 (127-191),T3 (125-189),T3 (126-184),T3 (111-162),T3 (111-164),T3 (111-162),T3 (111-161),T3 (113-161),T3 (115-162),T4 (121-162),T4 (122-161),T4 (123-162),T4 (128-158),T4 (121-160),T4 (122-161),T4 (121-160),Q4 (106-140),Q4 (106-140),Q4 (106-140),Q4 (107-141),,,,,
Neumann College,PA,214272,,,,,,,,,,,,,,,,,,,,,,,,,,,,,,,,,Q4 (106-140),Q4 (106-140),Q4 (106-140),Q4 (107-141),,,,,
North Greenville University,SC,218441,,,,,,,,,,,,,,,,T2 (190-250),T4 (192-249),T4 (190-248),T4 (187-248),,,,,,,,,,,,,,,,,,,,,,
Northland College,WI,239512,,,,,,,,162,T2 (173-229),174,T2 (177-235),172,180,178,176,183,T4 (192-249),T4 (190-248),T4 (187-248),,,,,,,,,,,,,,,,,,,,,,
Olivet College,MI,171599,,,,,,,,,,,,,,,,T2 (190-250),T4 (192-249),T4 (190-248),T4 (187-248),T4 (163-213),T4 (165-215),T4 (163-215),T4 (162-214),T4 (162-214),T4 (163-214),,,,,,,,,,,,,,,,
Pacific Union College,CA,120865,,,,,,,,T2 (173-229),T2 (173-229),T2 (179-232),T2 (177-235),T2 (182-236),T2 (183-240),T2 (182-240),T2 (183-236),,,,,,,,,,,,,,,,,,,,,,,,,,
Peace College,NC,199272,,,,,,,,,,,,,,,T2 (183-236),T2 (190-250),T4 (192-249),T4 (190-248),T4 (187-248),,,,,,,,,,,,,,,,,,,,,,
Philander Smith College,AR,107600,,,,,,,,T2 (173-229),T2 (173-229),T2 (179-232),,,,,,,,,,,,,,,,,,,,,,,,,,,,,,,
Pine Manor College,MA,167455,,,,,,T2 (171-221),T2 (164-215),T2 (173-229),T2 (173-229),T2 (179-232),T2 (177-235),T2 (182-236),T2 (183-240),T2 (182-240),T2 (183-236),T2 (190-250),T4 (192-249),T4 (190-248),T4 (187-248),T4 (163-213),T4 (165-215),T4 (163-215),T4 (162-214),T4 (162-214),T4 (163-214),,,,,,,,,,,,,,,,
Providence College,RI,217402,,,,,,,,,,,,,,,,,,,,,,,,,,,,,,,,T4 (121-160),,,,,,,,,
Regis College,MA,167598,,,,,,,,,,,,,,,,,,,,,,,,,,,,,,,,,Q4 (106-140),Q4 (106-140),Q4 (106-140),Q4 (107-141),,,,,
Richard Stockton College of New Jersey,NJ,186876,,,,,,,,,,,,,,,,,,,,T3 (111-162),T3 (111-164),T4 (163-215),T4 (162-214),T4 (162-214),T4 (163-214),T4 (121-162),T4 (122-161),T4 (123-162),T4 (128-158),T4 (121-160),T4 (122-161),T4 (121-160),,,,,,,,,
Rockford College,IL,148405,,,,,,,,,,,,,,,,,,,,,,,,,,,,,,,,,Q4 (106-140),Q4 (106-140),Q4 (106-140),Q4 (107-141),,,,,
Rosemont College,PA,215691,,,,,,,,,,,,,,,,,,,,T3 (111-162),T3 (111-164),T3 (111-162),T3 (111-161),T3 (113-161),T3 (115-162),,,,,,,,,,,,,,,,
Russell Sage College,NY,195128,,,,,,,,,,,,,,,,131,T3 (127-191),T3 (125-189),T3 (126-184),,,,,,,,,,,,,,,,,,,,,,
San Diego Christian College,CA,112084,,,,,,,,,,,T2 (177-235),T2 (182-236),T2 (183-240),T2 (182-240),T2 (183-236),,,,,T4 (163-213),,,,,,,,,,,,,,,,,,,,,
Savannah State University,GA,140960,,,,,,,,,,,T2 (177-235),T2 (182-236),T2 (183-240),T2 (182-240),T2 (183-236),,,,,,,,,,,,,,,,,,,,,,,,,,
Schreiner University,TX,228042,,,,,,,,T2 (173-229),T2 (173-229),T2 (179-232),,,,,,,,,,T4 (163-213),T4 (165-215),T4 (163-215),T4 (162-214),T4 (162-214),T4 (163-214),,,,,,,,,,,,,,,,
Seton Hill University,PA,215947,,,,,,,,,,,,,,,,,,,,T4 (163-213),T4 (165-215),T4 (163-215),T4 (162-214),T4 (162-214),T4 (163-214),,,,,,,,,,,,,,,,
Shawnee State University,OH,205443,,,,,,,,,,,T2 (177-235),T2 (182-236),T2 (183-240),T2 (182-240),T2 (183-236),,,,,T4 (163-213),T4 (165-215),T4 (163-215),T4 (162-214),T4 (162-214),T4 (163-214),,,,,,,,,,,,,,,,
Shepherd University,WV,237792,,,,,T2 (168-222),T2 (171-221),T2 (164-215),T2 (173-229),T2 (173-229),T2 (179-232),,,,,,,,,,,,,,,,T4 (121-162),T4 (122-161),T4 (123-162),T4 (128-158),T4 (121-160),T4 (122-161),T4 (121-160),,,,,,,,,
Shimer College,IL,148849,,,,,,,,,,,,,T2 (183-240),T2 (182-240),T2 (183-236),,,,,,,,,,,,,,,,,,,,,,,,,,
Shorter University,GA,140988,,,,,,,,,,,T2 (177-235),T2 (182-236),T2 (183-240),T2 (182-240),T2 (183-236),,,,,,,,,,,,,,,,,,,,,,,,,,
Siena College,NY,195474,,,,,,,,135,134,122,112,113,126,112,112,114,121,118,122,T3 (111-162),T3 (111-164),T3 (111-162),T3 (111-161),T3 (113-161),T3 (115-162),T3 (81-120),T3 (81-121),T3 (90-122),T3 (93-127),T3 (81-120),T4 (122-161),,,,,,,,,,
Sierra Nevada College,NV,182458,,,,,,,,,,,,,,,,T2 (190-250),T4 (192-249),T4 (190-248),T4 (187-248),,,,,,,,,,,,,,,,,,,,,,
Spring Hill College,AL,102234,,,,,T2 (168-222),T2 (171-221),T2 (164-215),T2 (173-229),T2 (173-229),T2 (179-232),,,,,,,,,,,,,,,,,,,,,,,,,,,,,,,
St. Andrews Presbyterian College,NC,199698,,,,,,,,,,,,,,,,T2 (190-250),T4 (192-249),T4 (190-248),T4 (187-248),T4 (163-213),T4 (165-215),T4 (163-215),T4 (162-214),T4 (162-214),T4 (163-214),T4 (121-162),T4 (122-161),T4 (123-162),T4 (128-158),T4 (121-160),T4 (122-161),T4 (121-160),,,,,,,,,
St. Augustine's College,NC,199582,,,,,,,,,,,,,,,,,,,T3 (126-184),T4 (163-213),T4 (165-215),T4 (163-215),T4 (162-214),T4 (162-214),T4 (163-214),,,,,,,,,,,,,,,,
St. Francis College,NY,195173,,,,,,,,,,,,,,,,,,,T4 (187-248),,,,,,,,,,,,,,,,,,,,,,
St. Vincent College,PA,215798,,,,,,,,,,,,148,146,145,157,152,T3 (127-191),T3 (125-189),T3 (126-184),T3 (111-162),T3 (111-164),T3 (111-162),T3 (111-161),T3 (113-161),T3 (115-162),,,,,,,,,,,,,,,,
State University of New York at Old Westbury,NY,196237,,,,,,,,,,,T2 (177-235),T2 (182-236),T2 (183-240),T2 (182-240),T2 (183-236),T2 (190-250),T4 (192-249),T4 (190-248),T4 (187-248),,,,,,,,,,,,,,,,,,,,,,
Stephens College,MO,179548,,,,,,,,,,,,,,,,T2 (190-250),T4 (192-249),T4 (190-248),T4 (187-248),T4 (163-213),T4 (165-215),T4 (163-215),T3 (111-161),T4 (162-214),T3 (115-162),,,,,,,,,,,,,,,,
Sterling College,VT,231095,,,,,T2 (168-222),,,,,,,,,,,,,,,,,,,,,,,,,,,,,,,,,,,,
Sterling College,KS,155937,,,,,,,,,,,,,,,,T2 (190-250),T4 (192-249),T4 (190-248),T4 (187-248),,,,,,,,,,,,,,,,,,,,,,
Stillman College,AL,102270,,,,,T2 (168-222),T2 (171-221),T2 (164-215),T2 (173-229),T2 (173-229),T2 (179-232),T2 (177-235),T2 (182-236),T2 (183-240),T2 (182-240),T2 (183-236),,,,,,,,,,,,,,,,,,,,,,,,,,
Talladega College,AL,102298,,,,,T2 (168-222),T2 (171-221),T2 (164-215),,,,,,T2 (183-240),T2 (182-240),T2 (183-236),T2 (190-250),T4 (192-249),T4 (190-248),T4 (187-248),T3 (111-162),T4 (165-215),T4 (163-215),T4 (162-214),T4 (162-214),T4 (163-214),,,,,,,,,,,,,,,,
Texas A&M University at Galveston,TX,228714,,,,,,,,,,,,,,,,,,,,T4 (163-213),T4 (165-215),T4 (163-215),T4 (162-214),T4 (162-214),T4 (163-214),,,,,,,,,,,,,,,,
Texas Lutheran University,TX,228981,,,,,,,,,,,,,,,,T2 (190-250),T4 (192-249),T4 (190-248),T4 (187-248),,,,,,,,,,,,,,,,,,,,,,
Thiel College,PA,216357,,,,,,,,T2 (173-229),T2 (173-229),T2 (179-232),,,,,,T2 (190-250),T4 (192-249),T4 (190-248),T4 (187-248),,,,,,,,,,,,,,,,,,,,,,
Thomas More College of Liberal Arts,NH,183275,,,,,T2 (168-222),,,T2 (173-229),T2 (173-229),,,,,T2 (182-240),,,,,,,,,,,,,,,,,,,,,,,,,,,
Thomas More University,KY,157809,,,,,,,,,T2 (173-229),,,,,,,,,,,,,,,,,,,,,,,,Q4 (106-140),Q4 (106-140),Q4 (106-140),Q4 (107-141),,,,,
University of Arizona Global Campus,IA,154022,,,,,,,,,,,,,,,,,,,,,T4 (165-215),T4 (163-215),T4 (162-214),T4 (162-214),T4 (163-214),,,,,,,,,,,,,,,,
University of Dallas,TX,224323,,,,,,,,,,,,,,,,,,,,T3 (111-162),T3 (111-164),T3 (111-162),T3 (111-161),T3 (113-161),T3 (115-162),T4 (121-162),T4 (122-161),T4 (123-162),T3 (93-127),T4 (121-160),T4 (122-161),T3 (81-120),Q3 (71-105),Q3 (71-105),Q3 (71-105),Q4 (107-141),,,,,
University of Hawaii at Hilo,HI,141565,,,,,,,,,,,T2 (177-235),T2 (182-236),T2 (183-240),T2 (182-240),T2 (183-236),T2 (190-250),T4 (192-249),T4 (190-248),T4 (187-248),T4 (163-213),T4 (165-215),T4 (163-215),T4 (162-214),T4 (162-214),T4 (163-214),,,,,,,,,,,,,,,,
University of Hawaii at West Oahu,HI,141981,,,,,,,,,,,,,,,,T2 (190-250),T4 (192-249),,,,,,,,,,,,,,,,,,,,,,,,
University of Judaism,CA,116846,,,,,,,,,,,,,,,,,,,,T4 (163-213),T4 (165-215),T3 (111-162),T3 (111-161),T3 (113-161),,,,,,,T3 (82-121),T4 (121-160),,,,,,,,,
University of Main at Presque Isle,ME,161341,,,,,,,,,,,,,,,,,,,,T4 (163-213),T4 (165-215),T4 (163-215),T4 (162-214),T4 (162-214),T4 (163-214),,,,,,,,,,,,,,,,
University of Maine at Machias,ME,161244,,,,T2 (156-201),T2 (168-222),T2 (171-221),,T2 (173-229),T2 (173-229),T2 (179-232),T2 (177-235),T2 (182-236),T2 (183-240),T2 (182-240),T2 (183-236),T2 (190-250),T4 (192-249),T4 (190-248),T4 (187-248),,,,,,,,,,,,,,,,,,,,,,
University of Mount Union,OH,204185,,,,,,,,,,,,,,,,166,T3 (127-191),T3 (125-189),,,,,,,,,,,,,,,,,,,,,,,
University of Pikeville,KY,157535,,,,,T2 (168-222),T2 (171-221),T2 (164-215),T2 (173-229),T2 (173-229),T2 (179-232),T2 (177-235),T2 (182-236),T2 (183-240),,,,,,,,,,,,,,,,,,,,,,,,,,,,
University of Pittsburgh at Bradford,PA,215266,,,,,,,,,,,,,,,,,,,,T4 (163-213),T4 (165-215),T4 (163-215),T4 (162-214),T4 (162-214),T4 (163-214),,,,,,,,,,,,,,,,
University of Puerto Rico in Ponce,PR,243212,,,,,158,T2 (171-221),,,,,,,,,,,,,,,,,,,,,,,,,,,,,,,,,,,
University of South Carolina Beaufort,SC,218654,,,,,T2 (168-222),T2 (171-221),T2 (164-215),,,,,,,,,,,,,,,,,,,,,,,,,,,,,,,,,,
University of the West,CA,449870,,,,T2 (156-201),T2 (168-222),T2 (171-221),T2 (164-215),,,,,,,,,,,,,,,,,,,,,,,,,,,,,,,,,,
University of Wisconsin-Green Bay,WI,240277,,,,,,,,,,,,,,,,T2 (190-250),T4 (192-249),T4 (190-248),T4 (187-248),,,,,,,,,,,,,,,,,,,,,,
University of Wisconsin-Parkside,WI,240374,,,,,T2 (168-222),T2 (171-221),T2 (164-215),T2 (173-229),T2 (173-229),T2 (179-232),T2 (177-235),T2 (182-236),T2 (183-240),T2 (182-240),T2 (183-236),T2 (190-250),T4 (192-249),T4 (190-248),T4 (187-248),,,,,,,,,,,,,,,,,,,,,,
University of Wisconsin-Superior,WI,240426,,,,,T2 (168-222),T2 (171-221),T2 (164-215),,,,,,,,,,,,,,,,,,,,,,,,,,,,,,,,,,
Virginia Intermont College,VA,233912,,,,,,,,,,,,T2 (182-236),T2 (183-240),T2 (182-240),,,,,,,,,,,,,,,,,,,,,,,,,,,
Warner Pacific College,OR,210304,,,,,,,,,,,,,,,,,,,,T4 (163-213),T4 (165-215),T4 (163-215),T4 (162-214),T4 (162-214),T4 (163-214),,,,,,,,,,,,,,,,
Wesleyan College,GA,141325,,,,,157,149,145,143,141,140,158,133,161,145,151,158,T3 (127-191),T3 (125-189),T3 (126-184),T3 (111-162),T3 (111-164),T3 (111-162),T3 (111-161),T3 (113-161),T3 (115-162),T4 (121-162),T4 (122-161),T4 (123-162),T4 (128-158),T4 (121-160),T4 (122-161),T4 (121-160),,,,,,,,,
West Virginia State University,WV,237899,,,,,,,,T2 (173-229),T2 (173-229),T2 (179-232),T2 (177-235),T2 (182-236),T2 (183-240),T2 (182-240),T2 (183-236),T2 (190-250),T4 (192-249),T4 (190-248),T4 (187-248),,,,,,,,,,,,,,,,,,,,,,
West Virginia Wesleyan College,WV,237969,,,,,,,,,,,,,,,,T2 (190-250),T4 (192-249),T4 (190-248),T4 (187-248),T4 (163-213),T4 (165-215),T4 (163-215),T4 (162-214),T4 (162-214),T4 (163-214),,,,,,,,,,,,,,,,
Western Colorado University,CO,128391,,,,,,,,,,,T2 (177-235),T2 (182-236),T2 (183-240),T2 (182-240),T2 (183-236),,,,T4 (187-248),T4 (163-213),T4 (165-215),T4 (163-215),T4 (162-214),T4 (162-214),T4 (163-214),,,,,,,,,,,,,,,,
William Jewell College,MO,179955,,,,,,,,155,147,154,158,155,146,140,127,131,T3 (127-191),T3 (125-189),T3 (126-184),T3 (111-162),T3 (111-164),T3 (111-162),T3 (111-161),T3 (113-161),T3 (115-162),T4 (121-162),T4 (122-161),T4 (123-162),T4 (128-158),T4 (121-160),T4 (122-161),T4 (121-160),,,,,,,,,
William Peace University,NC,199272,,,,,,,,T2 (173-229),T2 (173-229),T2 (179-232),T2 (177-235),T2 (182-236),T2 (183-240),T2 (182-240),,,,,,,,,,,,,,,,,,,,,,,,,,,
Williams Baptist University,AR,107877,,,,,T2 (168-222),T2 (171-221),T2 (164-215),,,,,,,,,,,,,,,,,,,,,,,,,,,,,,,,,,
Wingate University,NC,199962,,,,,,,,,,,,,,,,T2 (190-250),T4 (192-249),T4 (190-248),T4 (187-248),,,,,,,,,,,,,,,,,,,,,,
Wisconsin Lutheran College,WI,240338,,,,,,,,,,,174,178,T2 (183-240),178,178,183,T3 (127-191),T3 (125-189),T3 (126-184),,,,,,,,,,,,,,,,,,,,,,
Xavier University of Louisiana,LA,160904,,,,,,,,,,,T2 (177-235),178,161,178,T2 (183-236),,,,,,,,,,,,,,,,,,,,,,,,,,
